timestamp,project_name,run_id,duration,emissions,emissions_rate,cpu_power,gpu_power,ram_power,cpu_energy,gpu_energy,ram_energy,energy_consumed,country_name,country_iso_code,region,cloud_provider,cloud_region,os,python_version,codecarbon_version,cpu_count,cpu_model,gpu_count,gpu_model,longitude,latitude,ram_total_size,tracking_mode,on_cloud,pue
2024-07-10T15:01:38,codecarbon,ab294c8f-415e-419a-8116-bc8ab9ffac78,12.603525400161743,0.0001644269836858,1.304611039096817e-05,42.5,0.0,165.20000553131104,0.0001487874057557,0.0,0.0005781351909562,0.000726922596712,Italy,ITA,,,,Linux-5.4.0-174-generic-x86_64-with-glibc2.35,3.9.19,2.2.3,48,Intel(R) Xeon(R) Silver 4214 CPU @ 2.20GHz,1,1 x GeForce RTX 2080 Ti,,,440.5333480834961,machine,N,1.0
2024-07-10T15:10:02,codecarbon,134e243e-a377-4f99-9af6-27e4636a1d00,12.571048021316528,0.0001640017820542,1.3045991215381072e-05,42.5,0.0,165.20000553131104,0.0001484030183818,0.0,0.0005766397854441,0.000725042803826,Italy,ITA,,,,Linux-5.4.0-174-generic-x86_64-with-glibc2.35,3.9.19,2.2.3,48,Intel(R) Xeon(R) Silver 4214 CPU @ 2.20GHz,1,1 x GeForce RTX 2080 Ti,,,440.5333480834961,machine,N,1.0
2024-07-10T15:59:46,codecarbon,f347c6e2-a289-46d1-a23b-e505cfb95bdb,14.214420318603516,0.0001854502479182,1.3046627562820922e-05,42.5,0.0,165.20000553131104,0.000167805506289,0.0,0.0006520597783235,0.0008198652846125,Italy,ITA,,,,Linux-5.4.0-174-generic-x86_64-with-glibc2.35,3.9.19,2.2.3,48,Intel(R) Xeon(R) Silver 4214 CPU @ 2.20GHz,1,1 x GeForce RTX 2080 Ti,,,440.5333480834961,machine,N,1.0
2024-07-10T16:05:20,codecarbon,2d8d1f75-4326-4449-ac48-ef2078979476,13.281145334243774,0.0001732633233996,1.3045811866307702e-05,42.5,0.0,165.20000553131104,0.0001567869504292,0.0,0.0006092006152201,0.0007659875656494,Italy,ITA,,,,Linux-5.4.0-174-generic-x86_64-with-glibc2.35,3.9.19,2.2.3,48,Intel(R) Xeon(R) Silver 4214 CPU @ 2.20GHz,1,1 x GeForce RTX 2080 Ti,,,440.5333480834961,machine,N,1.0
2024-07-10T16:06:18,codecarbon,97695a38-e5ab-4140-82e5-c362621cce60,12.09645175933838,0.0001577824416737,1.304369618569594e-05,42.5,0.0,165.20000553131104,0.0001428011450502,0.0,0.0005547462990855,0.0006975474441357,Italy,ITA,,,,Linux-5.4.0-174-generic-x86_64-with-glibc2.35,3.9.19,2.2.3,48,Intel(R) Xeon(R) Silver 4214 CPU @ 2.20GHz,1,1 x GeForce RTX 2080 Ti,,,440.5333480834961,machine,N,1.0
2024-07-10T16:10:17,codecarbon,90a6563a-72d6-4e44-9059-ac955dfaa3a7,12.283337831497192,0.0001602224786148,1.3043887647870765e-05,42.5,0.0,165.20000553131104,0.0001450074079963,0.0,0.0005633273044427,0.0007083347124391,Italy,ITA,,,,Linux-5.4.0-174-generic-x86_64-with-glibc2.35,3.9.19,2.2.3,48,Intel(R) Xeon(R) Silver 4214 CPU @ 2.20GHz,1,1 x GeForce RTX 2080 Ti,,,440.5333480834961,machine,N,1.0
2024-07-10T16:11:46,codecarbon,9e59d5a9-ef89-4982-a274-bd26b8cdf924,12.572492599487305,0.0001639343673391,1.303913015195346e-05,42.5,0.0,165.20000553131104,0.0001484209618634,0.0,0.0005763238052375,0.000724744767101,Italy,ITA,,,,Linux-5.4.0-174-generic-x86_64-with-glibc2.35,3.9.19,2.2.3,48,Intel(R) Xeon(R) Silver 4214 CPU @ 2.20GHz,1,1 x GeForce RTX 2080 Ti,,,440.5333480834961,machine,N,1.0
2024-07-10T16:25:14,codecarbon,034bce34-7010-441e-9862-ac0d8de26dd9,13.422757625579834,0.0001751168085208,1.3046261685242576e-05,42.5,0.0,165.20000553131104,0.0001584588128659,0.0,0.0006157229079465,0.0007741817208124,Italy,ITA,,,,Linux-5.4.0-174-generic-x86_64-with-glibc2.35,3.9.19,2.2.3,48,Intel(R) Xeon(R) Silver 4214 CPU @ 2.20GHz,1,1 x GeForce RTX 2080 Ti,,,440.5333480834961,machine,N,1.0
2024-07-11T13:25:27,codecarbon,cc0f8e36-873c-49a3-b4ea-1bc7599f8696,12.972896814346312,0.0001692464907926,1.3046160253540196e-05,42.5,0.0,165.20000553131104,0.0001531474944618,0.0,0.0005950818764934,0.0007482293709552,Italy,ITA,,,,Linux-5.4.0-174-generic-x86_64-with-glibc2.35,3.9.19,2.2.3,48,Intel(R) Xeon(R) Silver 4214 CPU @ 2.20GHz,1,1 x GeForce RTX 2080 Ti,,,440.5333480834961,machine,N,1.0
2024-07-11T13:28:44,codecarbon,f894bd07-76ac-4a71-85aa-ed01438df3b9,13.174068212509155,0.0001717957042814,1.3040444417794808e-05,42.5,0.0,165.20000553131104,0.00015552204897,0.0,0.000603977253765,0.000759499302735,Italy,ITA,,,,Linux-5.4.0-174-generic-x86_64-with-glibc2.35,3.9.19,2.2.3,48,Intel(R) Xeon(R) Silver 4214 CPU @ 2.20GHz,1,1 x GeForce RTX 2080 Ti,,,440.5333480834961,machine,N,1.0
2024-08-21T13:12:57,codecarbon,7b37a6e7-0fc8-4f8d-bcac-7e9cec5d6add,10.496516227722168,0.0001369177278226,1.304411147967996e-05,42.5,0.0,165.20000553131104,0.0001239123867617,0.0,0.0004813933119361,0.0006053056986979,Italy,ITA,,,,Linux-5.4.0-174-generic-x86_64-with-glibc2.35,3.11.9,2.2.3,48,Intel(R) Xeon(R) Silver 4214 CPU @ 2.20GHz,1,1 x GeForce RTX 2080 Ti,,,440.5333480834961,machine,N,1.0
2024-08-21T13:20:39,codecarbon,c9f62bcb-eacb-4c34-aba4-b7427e490d45,10.67797327041626,0.0001392990106684,1.3045454145723789e-05,42.5,0.0,165.20000553131104,0.0001260558348562,0.0,0.0004897773835404,0.0006158332183967,Italy,ITA,,,,Linux-5.4.0-174-generic-x86_64-with-glibc2.35,3.11.9,2.2.3,48,Intel(R) Xeon(R) Silver 4214 CPU @ 2.20GHz,1,1 x GeForce RTX 2080 Ti,,,440.5333480834961,machine,N,1.0
2024-08-21T13:26:10,codecarbon,5e66c00d-7b55-4178-b46e-1c0d04b85533,9.705957412719728,0.000126611051702,1.3044674143747206e-05,42.5,0.0,165.20000553131104,0.0001145801297492,0.0,0.0004451603241138,0.000559740453863,Italy,ITA,,,,Linux-5.4.0-174-generic-x86_64-with-glibc2.35,3.11.9,2.2.3,48,Intel(R) Xeon(R) Silver 4214 CPU @ 2.20GHz,1,1 x GeForce RTX 2080 Ti,,,440.5333480834961,machine,N,1.0
2024-08-21T13:27:34,codecarbon,b3cde016-faf6-4484-b36e-0818b938b1b3,9.713757753372192,0.0001267085407891,1.3044235197766462e-05,42.5,0.0,165.20000553131104,0.0001146717301673,0.0,0.0004454997175554,0.0005601714477228,Italy,ITA,,,,Linux-5.4.0-174-generic-x86_64-with-glibc2.35,3.11.9,2.2.3,48,Intel(R) Xeon(R) Silver 4214 CPU @ 2.20GHz,1,1 x GeForce RTX 2080 Ti,,,440.5333480834961,machine,N,1.0
2024-08-21T13:30:07,codecarbon,e89350f7-7059-41dc-a9b2-cb2bd123c104,10.358361721038818,0.0001351276481642,1.3045272196836844e-05,42.5,0.0,165.20000553131104,0.0001222823277115,0.0,0.000475109527866,0.0005973918555776,Italy,ITA,,,,Linux-5.4.0-174-generic-x86_64-with-glibc2.35,3.11.9,2.2.3,48,Intel(R) Xeon(R) Silver 4214 CPU @ 2.20GHz,1,1 x GeForce RTX 2080 Ti,,,440.5333480834961,machine,N,1.0
2024-08-21T13:31:41,codecarbon,95fbd5cb-6cc6-42ba-b8c8-7120dc450426,10.026174783706663,0.0001307931718463,1.30451717297887e-05,42.5,0.0,165.20000553131104,0.0001183603977163,0.0,0.0004598689778973,0.0005782293756137,Italy,ITA,,,,Linux-5.4.0-174-generic-x86_64-with-glibc2.35,3.11.9,2.2.3,48,Intel(R) Xeon(R) Silver 4214 CPU @ 2.20GHz,1,1 x GeForce RTX 2080 Ti,,,440.5333480834961,machine,N,1.0
2024-08-21T14:26:22,codecarbon,cb1db568-6b0f-41c4-ad9a-cc7ee1bfb557,9.912515878677368,0.0001293113848329,1.304526382763029e-05,42.5,0.0,165.20000553131104,0.0001170192723472,0.0,0.0004546592048712,0.0005716784772185,Italy,ITA,,,,Linux-5.4.0-174-generic-x86_64-with-glibc2.35,3.11.9,2.2.3,48,Intel(R) Xeon(R) Silver 4214 CPU @ 2.20GHz,1,1 x GeForce RTX 2080 Ti,,,440.5333480834961,machine,N,1.0
2024-08-21T14:46:57,codecarbon,a6480a2d-f0b4-4b40-9dd6-765be99c9752,9.95459794998169,0.0001298595229795,1.3045180089851033e-05,42.5,0.0,165.20000553131104,0.0001175158156288,0.0,0.000456585950006,0.0005741017656349,Italy,ITA,,,,Linux-5.4.0-174-generic-x86_64-with-glibc2.35,3.11.9,2.2.3,48,Intel(R) Xeon(R) Silver 4214 CPU @ 2.20GHz,1,1 x GeForce RTX 2080 Ti,,,440.5333480834961,machine,N,1.0
2024-08-26T13:06:07,codecarbon,ffde6a40-c17c-4e62-91cd-aca18df62f23,1.0117788314819336,1.3138648462077e-05,1.298569218218676e-05,42.5,0.0,165.20000553131104,1.1940355433358089e-05,0.0,4.614488242264732e-05,5.808523785600541e-05,Italy,ITA,,,,Linux-5.4.0-174-generic-x86_64-with-glibc2.35,3.11.9,2.2.3,48,Intel(R) Xeon(R) Silver 4214 CPU @ 2.20GHz,1,1 x GeForce RTX 2080 Ti,,,440.5333480834961,machine,N,1.0
2024-08-26T14:14:51,codecarbon,9d6a3722-27c1-4f32-b1d5-18bb9917985a,0.9548449516296388,1.2410083586877249e-05,1.2996962036293846e-05,42.5,0.0,165.20000553131104,1.1268728805912865e-05,0.0,4.3595564050182055e-05,5.486429285609492e-05,Italy,ITA,,,,Linux-5.4.0-174-generic-x86_64-with-glibc2.35,3.11.9,2.2.3,48,Intel(R) Xeon(R) Silver 4214 CPU @ 2.20GHz,1,1 x GeForce RTX 2080 Ti,,,440.5333480834961,machine,N,1.0
2024-08-26T14:25:23,codecarbon,b4d314cd-3219-47ee-bce3-a52dabc6a524,1.0607688426971436,1.3793369740512772e-05,1.300318145227694e-05,42.5,0.0,165.20000553131104,1.2519382437070212e-05,0.0,4.846034196350615e-05,6.097972440057636e-05,Italy,ITA,,,,Linux-5.4.0-174-generic-x86_64-with-glibc2.35,3.11.9,2.2.3,48,Intel(R) Xeon(R) Silver 4214 CPU @ 2.20GHz,1,1 x GeForce RTX 2080 Ti,,,440.5333480834961,machine,N,1.0
2024-08-26T14:27:31,codecarbon,5fc87bf2-fd21-4cce-9517-d51584dce1b6,0.998589277267456,1.2979398755401492e-05,1.2997734955574902e-05,42.5,0.0,165.20000553131104,1.178482555680805e-05,0.0,4.559637815767625e-05,5.73812037144843e-05,Italy,ITA,,,,Linux-5.4.0-174-generic-x86_64-with-glibc2.35,3.11.9,2.2.3,48,Intel(R) Xeon(R) Silver 4214 CPU @ 2.20GHz,1,1 x GeForce RTX 2080 Ti,,,440.5333480834961,machine,N,1.0
2024-08-26T14:30:04,codecarbon,fee84529-395d-4201-9b8f-73d88291d44a,0.9686059951782228,1.2589247227675189e-05,1.299728402502689e-05,42.5,0.0,165.20000553131104,1.1431455777751076e-05,0.0,4.42249096207316e-05,5.565636539848268e-05,Italy,ITA,,,,Linux-5.4.0-174-generic-x86_64-with-glibc2.35,3.11.9,2.2.3,48,Intel(R) Xeon(R) Silver 4214 CPU @ 2.20GHz,1,1 x GeForce RTX 2080 Ti,,,440.5333480834961,machine,N,1.0
2024-08-26T14:30:55,codecarbon,33f03892-0cf6-4b06-930d-1ad650799700,0.9225749969482422,1.1983057326704244e-05,1.2988708090228584e-05,42.5,0.0,165.20000553131104,1.0887423488828872e-05,0.0,4.2089009899490295e-05,5.297643338831917e-05,Italy,ITA,,,,Linux-5.4.0-174-generic-x86_64-with-glibc2.35,3.11.9,2.2.3,48,Intel(R) Xeon(R) Silver 4214 CPU @ 2.20GHz,1,1 x GeForce RTX 2080 Ti,,,440.5333480834961,machine,N,1.0
2024-08-26T14:31:38,codecarbon,809111e2-a3ac-471f-ac9e-096a1903600c,0.963343620300293,1.2518698841620644e-05,1.2995050341142366e-05,42.5,0.0,165.20000553131104,1.1369091272354126e-05,0.0,4.397538361500305e-05,5.534447488735718e-05,Italy,ITA,,,,Linux-5.4.0-174-generic-x86_64-with-glibc2.35,3.11.9,2.2.3,48,Intel(R) Xeon(R) Silver 4214 CPU @ 2.20GHz,1,1 x GeForce RTX 2080 Ti,,,440.5333480834961,machine,N,1.0
2024-08-27T14:29:11,codecarbon,1d136900-4e12-4476-b732-ff9845dd15ee,1.0570390224456787,1.37332210115559e-05,1.2992160856825556e-05,42.5,0.0,165.20000553131104,1.2475149995750853e-05,0.0,4.823866020228934e-05,6.071381019804019e-05,Italy,ITA,,,,Linux-5.4.0-174-generic-x86_64-with-glibc2.35,3.11.9,2.2.3,48,Intel(R) Xeon(R) Silver 4214 CPU @ 2.20GHz,1,1 x GeForce RTX 2080 Ti,,,440.5333480834961,machine,N,1.0
2024-08-27T14:35:00,codecarbon,d2028d7b-1fb5-49c5-a425-d633a42961f9,1.0742404460906982,1.3914973983476576e-05,1.295331416175493e-05,42.5,0.0,165.20000553131104,1.2677999999788074e-05,0.0,4.883933003025921e-05,6.151733003004728e-05,Italy,ITA,,,,Linux-5.4.0-174-generic-x86_64-with-glibc2.35,3.11.9,2.2.3,48,Intel(R) Xeon(R) Silver 4214 CPU @ 2.20GHz,1,1 x GeForce RTX 2080 Ti,,,440.5333480834961,machine,N,1.0
2024-08-27T14:40:06,codecarbon,243bfeab-bf85-48eb-b15e-7a5fa08d9c5c,10.657837629318236,0.000139037257052,1.3045540933144944e-05,42.5,0.0,165.20000553131104,0.0001258182406425,0.0,0.0004888577794996,0.0006146760201421,Italy,ITA,,,,Linux-5.4.0-174-generic-x86_64-with-glibc2.35,3.11.9,2.2.3,48,Intel(R) Xeon(R) Silver 4214 CPU @ 2.20GHz,1,1 x GeForce RTX 2080 Ti,,,440.5333480834961,machine,N,1.0
2024-08-27T14:43:00,codecarbon,0cfe3a01-da9f-4609-a87c-9be4bfef8710,1.0429198741912842,1.3558797989658323e-05,1.300080507159985e-05,42.5,0.0,165.20000553131104,1.230819539891349e-05,0.0,4.763450027058696e-05,5.994269566950045e-05,Italy,ITA,,,,Linux-5.4.0-174-generic-x86_64-with-glibc2.35,3.11.9,2.2.3,48,Intel(R) Xeon(R) Silver 4214 CPU @ 2.20GHz,1,1 x GeForce RTX 2080 Ti,,,440.5333480834961,machine,N,1.0
2024-08-27T14:43:53,codecarbon,a622152c-24d5-43d4-8c2b-a60b6ec48acf,1.066338300704956,1.385881507111511e-05,1.2996640054992914e-05,42.5,0.0,165.20000553131104,1.2584733300738869e-05,0.0,4.868432128517384e-05,6.126905458591271e-05,Italy,ITA,,,,Linux-5.4.0-174-generic-x86_64-with-glibc2.35,3.11.9,2.2.3,48,Intel(R) Xeon(R) Silver 4214 CPU @ 2.20GHz,1,1 x GeForce RTX 2080 Ti,,,440.5333480834961,machine,N,1.0
2024-08-27T14:46:04,codecarbon,6c1dbec7-c3f9-4767-af31-656305d64135,1.0670268535614014,1.3858093208987322e-05,1.2987576800652532e-05,42.5,0.0,165.20000553131104,1.259260310067071e-05,0.0,4.86732601727175e-05,6.126586327338822e-05,Italy,ITA,,,,Linux-5.4.0-174-generic-x86_64-with-glibc2.35,3.11.9,2.2.3,48,Intel(R) Xeon(R) Silver 4214 CPU @ 2.20GHz,1,1 x GeForce RTX 2080 Ti,,,440.5333480834961,machine,N,1.0
2024-08-27T14:48:06,codecarbon,ef14ad83-c409-463b-b066-944f9e092eba,1.0225772857666016,1.3280802166656186e-05,1.2987577908793356e-05,42.5,0.0,165.20000553131104,1.2067733042769965e-05,0.0,4.664595847545399e-05,5.871369151822396e-05,Italy,ITA,,,,Linux-5.4.0-174-generic-x86_64-with-glibc2.35,3.11.9,2.2.3,48,Intel(R) Xeon(R) Silver 4214 CPU @ 2.20GHz,1,1 x GeForce RTX 2080 Ti,,,440.5333480834961,machine,N,1.0
2024-08-27T15:23:42,codecarbon,368fc9d1-506c-492e-880c-501394c7d3e4,1.0360846519470217,1.347118170909694e-05,1.3002008748784908e-05,42.5,0.0,165.20000553131104,1.22279887398084e-05,0.0,4.732736020136182e-05,5.9555348941170224e-05,Italy,ITA,,,,Linux-5.4.0-174-generic-x86_64-with-glibc2.35,3.11.9,2.2.3,48,Intel(R) Xeon(R) Silver 4214 CPU @ 2.20GHz,1,1 x GeForce RTX 2080 Ti,,,440.5333480834961,machine,N,1.0
2024-08-27T15:27:25,codecarbon,f4e0a262-fffe-46b3-a978-e0c0f4a98d0b,1.0715420246124268,1.3933464024771985e-05,1.3003189520085944e-05,42.5,0.0,165.20000553131104,1.2646112673812445e-05,0.0,4.895296080570082e-05,6.159907347951326e-05,Italy,ITA,,,,Linux-5.4.0-174-generic-x86_64-with-glibc2.35,3.11.9,2.2.3,48,Intel(R) Xeon(R) Silver 4214 CPU @ 2.20GHz,1,1 x GeForce RTX 2080 Ti,,,440.5333480834961,machine,N,1.0
2024-08-27T15:28:21,codecarbon,cd60749d-3043-4daf-a8ee-d227eb605fa7,1.0826053619384766,1.406073577022075e-05,1.2987868215472416e-05,42.5,0.0,165.20000553131104,1.2777073350217608e-05,0.0,4.938466147365527e-05,6.216173482387288e-05,Italy,ITA,,,,Linux-5.4.0-174-generic-x86_64-with-glibc2.35,3.11.9,2.2.3,48,Intel(R) Xeon(R) Silver 4214 CPU @ 2.20GHz,1,1 x GeForce RTX 2080 Ti,,,440.5333480834961,machine,N,1.0
2024-08-27T15:30:22,codecarbon,3f858d3e-0874-437f-a7c5-1e72c7bcf9e3,1.0405769348144531,1.3529544514271982e-05,1.300196464251291e-05,42.5,0.0,165.20000553131104,1.2280879086918302e-05,0.0,4.753248858656832e-05,5.981336767348663e-05,Italy,ITA,,,,Linux-5.4.0-174-generic-x86_64-with-glibc2.35,3.11.9,2.2.3,48,Intel(R) Xeon(R) Silver 4214 CPU @ 2.20GHz,1,1 x GeForce RTX 2080 Ti,,,440.5333480834961,machine,N,1.0
2024-08-27T15:30:54,codecarbon,d964b80f-64e1-4a9a-9d75-66d7942d589d,1.0217432975769043,1.3282912673105676e-05,1.3000244488617164e-05,42.5,0.0,165.20000553131104,1.205874863598082e-05,0.0,4.666427331447664e-05,5.8723021950457456e-05,Italy,ITA,,,,Linux-5.4.0-174-generic-x86_64-with-glibc2.35,3.11.9,2.2.3,48,Intel(R) Xeon(R) Silver 4214 CPU @ 2.20GHz,1,1 x GeForce RTX 2080 Ti,,,440.5333480834961,machine,N,1.0
2024-08-27T15:33:32,codecarbon,288982ef-85b2-4dd8-8055-cf03d86d6532,1.0945487022399902,1.423460162742566e-05,1.300499612150158e-05,42.5,0.0,165.20000553131104,1.2918206221527526e-05,0.0,5.001217993660816e-05,6.293038615813568e-05,Italy,ITA,,,,Linux-5.4.0-174-generic-x86_64-with-glibc2.35,3.11.9,2.2.3,48,Intel(R) Xeon(R) Silver 4214 CPU @ 2.20GHz,1,1 x GeForce RTX 2080 Ti,,,440.5333480834961,machine,N,1.0
2024-08-27T15:33:50,codecarbon,623627c8-f83b-4c11-befc-12d7268f4ffd,1.035966396331787,1.3468876741052708e-05,1.3001267983927014e-05,42.5,0.0,165.20000553131104,1.2226190169652304e-05,0.0,4.731896863533412e-05,5.954515880498642e-05,Italy,ITA,,,,Linux-5.4.0-174-generic-x86_64-with-glibc2.35,3.11.9,2.2.3,48,Intel(R) Xeon(R) Silver 4214 CPU @ 2.20GHz,1,1 x GeForce RTX 2080 Ti,,,440.5333480834961,machine,N,1.0
2024-08-27T15:45:41,codecarbon,88bc46c1-d4eb-49dc-a54d-97ff2e235504,10.539801836013794,0.0001374981566443,1.3045611177861074e-05,42.5,0.0,165.20000553131104,0.0001244246302379,0.0,0.0004834471121639,0.0006078717424019,Italy,ITA,,,,Linux-5.4.0-174-generic-x86_64-with-glibc2.35,3.11.9,2.2.3,48,Intel(R) Xeon(R) Silver 4214 CPU @ 2.20GHz,1,1 x GeForce RTX 2080 Ti,,,440.5333480834961,machine,N,1.0
2024-08-27T15:53:15,codecarbon,96eab75a-1cb2-4e2d-939b-c88171d377f1,10.545432329177856,0.0001375705705028,1.3045512617078922e-05,42.5,0.0,165.20000553131104,0.0001244909859365,0.0,0.0004837008941269,0.0006081918800634,Italy,ITA,,,,Linux-5.4.0-174-generic-x86_64-with-glibc2.35,3.11.9,2.2.3,48,Intel(R) Xeon(R) Silver 4214 CPU @ 2.20GHz,1,1 x GeForce RTX 2080 Ti,,,440.5333480834961,machine,N,1.0
2024-08-27T16:20:23,codecarbon,bc96e0ec-2900-44ae-a6c0-168aba44fad3,10.501675844192505,0.0001369996317289,1.304550185717852e-05,42.5,0.0,165.20000553131104,0.0001239746696419,0.0,0.0004816931216934,0.0006056677913353,Italy,ITA,,,,Linux-5.4.0-174-generic-x86_64-with-glibc2.35,3.11.9,2.2.3,48,Intel(R) Xeon(R) Silver 4214 CPU @ 2.20GHz,1,1 x GeForce RTX 2080 Ti,,,440.5333480834961,machine,N,1.0
2024-08-27T16:21:27,codecarbon,a21184e6-950e-4dc8-bb24-5d27bf7bee75,1.0447428226470947,1.3580042348275086e-05,1.2998454790880445e-05,42.5,0.0,165.20000553131104,1.2329961193932427e-05,0.0,4.770665460950833e-05,6.003661580344076e-05,Italy,ITA,,,,Linux-5.4.0-174-generic-x86_64-with-glibc2.35,3.11.9,2.2.3,48,Intel(R) Xeon(R) Silver 4214 CPU @ 2.20GHz,1,1 x GeForce RTX 2080 Ti,,,440.5333480834961,machine,N,1.0
2024-08-27T16:22:27,codecarbon,5bdbccdb-da2a-4b1d-a5e4-1f37d9f8f48e,1.03696870803833,1.3482189256171524e-05,1.30015391512404e-05,42.5,0.0,165.20000553131104,1.2238326999876237e-05,0.0,4.7365685697835146e-05,5.960401269771138e-05,Italy,ITA,,,,Linux-5.4.0-174-generic-x86_64-with-glibc2.35,3.11.9,2.2.3,48,Intel(R) Xeon(R) Silver 4214 CPU @ 2.20GHz,1,1 x GeForce RTX 2080 Ti,,,440.5333480834961,machine,N,1.0
2024-08-27T16:33:31,codecarbon,09b034e9-6030-44fd-842b-c5ea44ac8923,10.505155086517334,0.0001370426752471,1.3045278638773036e-05,42.5,0.0,165.20000553131104,0.0001240151726537,0.0,0.0004818429116941,0.0006058580843478,Italy,ITA,,,,Linux-5.4.0-174-generic-x86_64-with-glibc2.35,3.11.9,2.2.3,48,Intel(R) Xeon(R) Silver 4214 CPU @ 2.20GHz,1,1 x GeForce RTX 2080 Ti,,,440.5333480834961,machine,N,1.0
2024-08-29T09:55:17,codecarbon,4b9ba85c-d8ad-44b3-957d-19a6f314b982,10.206268787384031,0.0001331415471524,1.3045075524274852e-05,42.5,0.0,165.20000553131104,0.0001204866876204,0.0,0.0004681247252801,0.0005886114129006,Italy,ITA,,,,Linux-5.4.0-174-generic-x86_64-with-glibc2.35,3.11.9,2.2.3,48,Intel(R) Xeon(R) Silver 4214 CPU @ 2.20GHz,1,1 x GeForce RTX 2080 Ti,,,440.5333480834961,machine,N,1.0
2024-08-29T09:58:43,codecarbon,4fea7e67-184a-4b06-a383-c92e340465b2,1.0192983150482178,1.3249714595260706e-05,1.2998858528117875e-05,42.5,0.0,165.20000553131104,1.2029616865846846e-05,0.0,4.654663821939209e-05,5.857625508523893e-05,Italy,ITA,,,,Linux-5.4.0-174-generic-x86_64-with-glibc2.35,3.11.9,2.2.3,48,Intel(R) Xeon(R) Silver 4214 CPU @ 2.20GHz,1,1 x GeForce RTX 2080 Ti,,,440.5333480834961,machine,N,1.0
2024-08-29T13:17:02,codecarbon,87b6c580-a37d-40bf-8cdb-1e2977bb4641,1.091881513595581,1.419832417582812e-05,1.3003539302605133e-05,42.5,0.0,165.20000553131104,1.2886434296766918e-05,0.0,4.98835712551797e-05,6.277000555194662e-05,Italy,ITA,,,,Linux-5.4.0-174-generic-x86_64-with-glibc2.35,3.11.9,2.2.3,48,Intel(R) Xeon(R) Silver 4214 CPU @ 2.20GHz,1,1 x GeForce RTX 2080 Ti,,,440.5333480834961,machine,N,1.0
2024-08-29T13:23:49,codecarbon,d1079013-e2a0-431f-ab12-aad4d694be95,1.033198595046997,1.3433094660323976e-05,1.3001464311624376e-05,42.5,0.0,165.20000553131104,1.219370894961887e-05,0.0,4.7193259256379365e-05,5.938696820599824e-05,Italy,ITA,,,,Linux-5.4.0-174-generic-x86_64-with-glibc2.35,3.11.9,2.2.3,48,Intel(R) Xeon(R) Silver 4214 CPU @ 2.20GHz,1,1 x GeForce RTX 2080 Ti,,,440.5333480834961,machine,N,1.0
2024-08-29T13:26:11,codecarbon,7cafbe2d-b09f-426a-ac18-98b5cf62f46d,1.048499345779419,1.3618451876395066e-05,1.2988517285408098e-05,42.5,0.0,165.20000553131104,1.2374047272735174e-05,0.0,4.7832374929227136e-05,6.020642220196231e-05,Italy,ITA,,,,Linux-5.4.0-174-generic-x86_64-with-glibc2.35,3.11.9,2.2.3,48,Intel(R) Xeon(R) Silver 4214 CPU @ 2.20GHz,1,1 x GeForce RTX 2080 Ti,,,440.5333480834961,machine,N,1.0
2024-08-29T13:30:07,codecarbon,b8ff9d5a-daa9-47f0-b09a-deab79ff2a77,1.0408942699432373,1.3520868372507936e-05,1.2989665485664804e-05,42.5,0.0,165.20000553131104,1.2284228536817764e-05,0.0,4.7490782394003e-05,5.9775010930820766e-05,Italy,ITA,,,,Linux-5.4.0-174-generic-x86_64-with-glibc2.35,3.11.9,2.2.3,48,Intel(R) Xeon(R) Silver 4214 CPU @ 2.20GHz,1,1 x GeForce RTX 2080 Ti,,,440.5333480834961,machine,N,1.0
2024-08-29T13:32:39,codecarbon,2c81686c-9c5d-4c35-9762-278ad5ce4b7e,1.0095303058624268,1.3111087753472864e-05,1.2987314672314126e-05,42.5,0.0,165.20000553131104,1.1914012995031146e-05,0.0,4.604938049323948e-05,5.796339348827063e-05,Italy,ITA,,,,Linux-5.4.0-174-generic-x86_64-with-glibc2.35,3.11.9,2.2.3,48,Intel(R) Xeon(R) Silver 4214 CPU @ 2.20GHz,1,1 x GeForce RTX 2080 Ti,,,440.5333480834961,machine,N,1.0
2024-08-29T13:35:57,codecarbon,5aeb24ba-caf9-4154-9ac2-26f7afd2e66c,1.188973903656006,1.5454267326688216e-05,1.2997986986230312e-05,42.5,0.0,165.20000553131104,1.4032846854792702e-05,0.0,5.428961387257743e-05,6.832246072737013e-05,Italy,ITA,,,,Linux-5.4.0-174-generic-x86_64-with-glibc2.35,3.11.9,2.2.3,48,Intel(R) Xeon(R) Silver 4214 CPU @ 2.20GHz,1,1 x GeForce RTX 2080 Ti,,,440.5333480834961,machine,N,1.0
2024-08-29T13:57:54,codecarbon,a57f3237-ad05-4283-8f59-498c96572721,1.0482420921325684,1.3628804847328076e-05,1.3001581361421307e-05,42.5,0.0,165.20000553131104,1.2371404303444757e-05,0.0,4.788078781015618e-05,6.025219211360093e-05,Italy,ITA,,,,Linux-5.4.0-174-generic-x86_64-with-glibc2.35,3.11.9,2.2.3,48,Intel(R) Xeon(R) Silver 4214 CPU @ 2.20GHz,1,1 x GeForce RTX 2080 Ti,,,440.5333480834961,machine,N,1.0
2024-09-02T13:44:54,codecarbon,213718bf-97da-4e5e-9946-3a91ec84c22e,3.2758829593658447,4.2702779212958384e-05,1.303550210512555e-05,42.5,0.0,165.20000553131104,3.867035888963276e-05,0.0,0.0001501162651574,0.0001887866240471,Italy,ITA,,,,Linux-5.4.0-174-generic-x86_64-with-glibc2.35,3.11.9,2.2.3,48,Intel(R) Xeon(R) Silver 4214 CPU @ 2.20GHz,1,1 x GeForce RTX 2080 Ti,,,440.5333480834961,machine,N,1.0
2024-09-02T13:46:19,codecarbon,d67cd1a0-a2c9-4c12-903d-49750ca7bdeb,3.4104974269866943,4.445714483156853e-05,1.3035384363520288e-05,42.5,0.0,165.20000553131104,4.025882846779294e-05,0.0,0.0001562837489056,0.0001965425773734,Italy,ITA,,,,Linux-5.4.0-174-generic-x86_64-with-glibc2.35,3.11.9,2.2.3,48,Intel(R) Xeon(R) Silver 4214 CPU @ 2.20GHz,1,1 x GeForce RTX 2080 Ti,,,440.5333480834961,machine,N,1.0
2024-09-02T14:26:56,codecarbon,10711041-db96-4655-ac10-96e794777aaf,0.1284513473510742,1.61320185691891e-06,1.2558855085496454e-05,42.5,0.0,165.20000553131104,1.511955757935842e-06,0.0,5.619920388940804e-06,7.131876146876646e-06,Italy,ITA,,,,Linux-5.4.0-174-generic-x86_64-with-glibc2.35,3.11.9,2.2.3,48,Intel(R) Xeon(R) Silver 4214 CPU @ 2.20GHz,1,1 x GeForce RTX 2080 Ti,,,440.5333480834961,machine,N,1.0
2024-09-02T14:36:54,codecarbon,c8e040d7-611f-4696-a666-8eca9565ba6e,0.1373000144958496,1.7285158460762365e-06,1.2589334767539205e-05,42.5,0.0,165.20000553131104,1.6162221630414327e-06,0.0,6.025450749283436e-06,7.64167291232487e-06,Italy,ITA,,,,Linux-5.4.0-174-generic-x86_64-with-glibc2.35,3.11.9,2.2.3,48,Intel(R) Xeon(R) Silver 4214 CPU @ 2.20GHz,1,1 x GeForce RTX 2080 Ti,,,440.5333480834961,machine,N,1.0
2024-09-02T14:42:29,codecarbon,8ffdf4c6-12fe-4af5-9ac3-266166c68a52,10.557233810424805,0.000137703996196,1.3043567914550477e-05,42.5,0.0,165.20000553131104,0.0001246299627754,0.0,0.000484151784895,0.0006087817476704,Italy,ITA,,,,Linux-5.4.0-174-generic-x86_64-with-glibc2.35,3.11.9,2.2.3,48,Intel(R) Xeon(R) Silver 4214 CPU @ 2.20GHz,1,1 x GeForce RTX 2080 Ti,,,440.5333480834961,machine,N,1.0
2024-09-02T14:46:36,codecarbon,53d6a8be-96ab-4e17-8b37-d21f9a9fa0ef,0.1681621074676513,2.132387615642204e-06,1.2680547643900112e-05,42.5,0.0,165.20000553131104,1.9806648294130964e-06,0.0,7.446502828910676e-06,9.427167658323773e-06,Italy,ITA,,,,Linux-5.4.0-174-generic-x86_64-with-glibc2.35,3.11.9,2.2.3,48,Intel(R) Xeon(R) Silver 4214 CPU @ 2.20GHz,1,1 x GeForce RTX 2080 Ti,,,440.5333480834961,machine,N,1.0
2024-09-02T14:51:33,codecarbon,f5c31dd4-660d-4f46-8ffa-b8dee5f29b7a,0.1524012088775634,1.927972887183121e-06,1.265064038128478e-05,42.5,0.0,165.20000553131104,1.7939287755224442e-06,0.0,6.729532679070568e-06,8.523461454593012e-06,Italy,ITA,,,,Linux-5.4.0-174-generic-x86_64-with-glibc2.35,3.11.9,2.2.3,48,Intel(R) Xeon(R) Silver 4214 CPU @ 2.20GHz,1,1 x GeForce RTX 2080 Ti,,,440.5333480834961,machine,N,1.0
2024-09-03T16:45:19,codecarbon,7e6be270-b60b-4ea2-bf42-7454a4402e69,0.1230561733245849,1.5469386999871335e-06,1.2570996303507485e-05,42.5,0.0,165.20000553131104,1.44836124446657e-06,0.0,5.390569152123704e-06,6.838930396590274e-06,Italy,ITA,,,,Linux-5.4.0-174-generic-x86_64-with-glibc2.35,3.11.9,2.2.3,48,Intel(R) Xeon(R) Silver 4214 CPU @ 2.20GHz,1,1 x GeForce RTX 2080 Ti,,,440.5333480834961,machine,N,1.0
2024-09-03T16:46:39,codecarbon,9251e295-249e-4bb9-bcaf-b5240f5b8cc2,0.1334247589111328,1.6835523762911723e-06,1.261799076895839e-05,42.5,0.0,165.20000553131104,1.570075750350952e-06,0.0,5.872816149997296e-06,7.442891900348248e-06,Italy,ITA,,,,Linux-5.4.0-174-generic-x86_64-with-glibc2.35,3.11.9,2.2.3,48,Intel(R) Xeon(R) Silver 4214 CPU @ 2.20GHz,1,1 x GeForce RTX 2080 Ti,,,440.5333480834961,machine,N,1.0
2024-09-03T16:47:44,codecarbon,bfdf1ae6-8eeb-43ff-b14e-8bd7e602965c,0.1446781158447265,1.8228348428070688e-06,1.2599243722273777e-05,42.5,0.0,165.20000553131104,1.7038623491923017e-06,0.0,6.354789628769594e-06,8.058651977961897e-06,Italy,ITA,,,,Linux-5.4.0-174-generic-x86_64-with-glibc2.35,3.11.9,2.2.3,48,Intel(R) Xeon(R) Silver 4214 CPU @ 2.20GHz,1,1 x GeForce RTX 2080 Ti,,,440.5333480834961,machine,N,1.0
2024-09-03T16:48:35,codecarbon,1a378cf1-4547-4fb4-ac2f-2932a3247d05,0.1423573493957519,1.7988862908240738e-06,1.2636413212662372e-05,42.5,0.0,165.20000553131104,1.6762026482158238e-06,0.0,6.276574106563543e-06,7.952776754779367e-06,Italy,ITA,,,,Linux-5.4.0-174-generic-x86_64-with-glibc2.35,3.11.9,2.2.3,48,Intel(R) Xeon(R) Silver 4214 CPU @ 2.20GHz,1,1 x GeForce RTX 2080 Ti,,,440.5333480834961,machine,N,1.0
2024-09-03T16:49:24,codecarbon,6af7e887-c1c4-47ba-9fc8-2a0f1b05e831,0.9151148796081544,1.1891113121533135e-05,1.299412061426083e-05,42.5,0.0,165.20000553131104,1.0799921221203276e-05,0.0,4.1770031923561154e-05,5.256995314476443e-05,Italy,ITA,,,,Linux-5.4.0-174-generic-x86_64-with-glibc2.35,3.11.9,2.2.3,48,Intel(R) Xeon(R) Silver 4214 CPU @ 2.20GHz,1,1 x GeForce RTX 2080 Ti,,,440.5333480834961,machine,N,1.0
2024-09-03T16:51:41,codecarbon,ccfd1e3b-b05d-4a39-b99d-1fd398edb3af,0.1811690330505371,2.305645079495164e-06,1.2726485540451074e-05,42.5,0.0,165.20000553131104,2.1341625187132094e-06,0.0,8.058966800528349e-06,1.0193129319241558e-05,Italy,ITA,,,,Linux-5.4.0-174-generic-x86_64-with-glibc2.35,3.11.9,2.2.3,48,Intel(R) Xeon(R) Silver 4214 CPU @ 2.20GHz,1,1 x GeForce RTX 2080 Ti,,,440.5333480834961,machine,N,1.0
2024-09-03T16:53:00,codecarbon,8d3a6be7-7f25-48db-9057-1876e7022cfd,0.2335298061370849,2.9876581073789693e-06,1.279347658784582e-05,42.5,0.0,165.20000553131104,2.7529269456863404e-06,0.0,1.045534423231402e-05,1.320827117800036e-05,Italy,ITA,,,,Linux-5.4.0-174-generic-x86_64-with-glibc2.35,3.11.9,2.2.3,48,Intel(R) Xeon(R) Silver 4214 CPU @ 2.20GHz,1,1 x GeForce RTX 2080 Ti,,,440.5333480834961,machine,N,1.0
2024-09-03T16:54:14,codecarbon,a4605cbb-e382-4815-83e2-bbaba98ca988,0.1476767063140869,1.862693142016956e-06,1.2613317215074376e-05,42.5,0.0,165.20000553131104,1.7391019397311742e-06,0.0,6.495761373576557e-06,8.234863313307731e-06,Italy,ITA,,,,Linux-5.4.0-174-generic-x86_64-with-glibc2.35,3.11.9,2.2.3,48,Intel(R) Xeon(R) Silver 4214 CPU @ 2.20GHz,1,1 x GeForce RTX 2080 Ti,,,440.5333480834961,machine,N,1.0
2024-09-03T16:57:58,codecarbon,527ceaad-67b5-42aa-86b3-982f818fe6c5,0.1675958633422851,2.100254204484349e-06,1.2531658971766793e-05,42.5,0.0,165.20000553131104,1.973701351218753e-06,0.0,7.311406274399512e-06,9.285107625618263e-06,Italy,ITA,,,,Linux-5.4.0-174-generic-x86_64-with-glibc2.35,3.11.9,2.2.3,48,Intel(R) Xeon(R) Silver 4214 CPU @ 2.20GHz,1,1 x GeForce RTX 2080 Ti,,,440.5333480834961,machine,N,1.0
2024-09-03T16:59:42,codecarbon,a9442eef-3c41-4ecd-b84b-a0e5771e74e1,0.1299319267272949,1.6341664976097029e-06,1.257709739839032e-05,42.5,0.0,165.20000553131104,1.5297388037045798e-06,0.0,5.694820859639169e-06,7.224559663343749e-06,Italy,ITA,,,,Linux-5.4.0-174-generic-x86_64-with-glibc2.35,3.11.9,2.2.3,48,Intel(R) Xeon(R) Silver 4214 CPU @ 2.20GHz,1,1 x GeForce RTX 2080 Ti,,,440.5333480834961,machine,N,1.0
2024-09-03T17:00:21,codecarbon,5ba40171-1436-4a79-9a29-bc8a9c58713f,0.1472935676574707,1.859177396101457e-06,1.2622257887221186e-05,42.5,0.0,165.20000553131104,1.734784245491028e-06,0.0,6.484536149659447e-06,8.219320395150476e-06,Italy,ITA,,,,Linux-5.4.0-174-generic-x86_64-with-glibc2.35,3.11.9,2.2.3,48,Intel(R) Xeon(R) Silver 4214 CPU @ 2.20GHz,1,1 x GeForce RTX 2080 Ti,,,440.5333480834961,machine,N,1.0
2024-09-03T17:04:30,codecarbon,3bcbbe4e-f8fc-40ac-98c2-313c0db157c9,0.1341006755828857,1.686367324002285e-06,1.2575382761289409e-05,42.5,0.0,165.20000553131104,1.5788772039943274e-06,0.0,5.8764594244265325e-06,7.45533662842086e-06,Italy,ITA,,,,Linux-5.4.0-174-generic-x86_64-with-glibc2.35,3.11.9,2.2.3,48,Intel(R) Xeon(R) Silver 4214 CPU @ 2.20GHz,1,1 x GeForce RTX 2080 Ti,,,440.5333480834961,machine,N,1.0
2024-09-03T17:07:51,codecarbon,3c5cb6ce-a286-4a5f-a336-a44f8b154da4,13.953226804733276,0.0001820356949565,1.3046136030329292e-05,42.5,0.0,165.20000553131104,0.0001647213947441,0.0,0.0006400483401608,0.000804769734905,Italy,ITA,,,,Linux-5.4.0-174-generic-x86_64-with-glibc2.35,3.11.9,2.2.3,48,Intel(R) Xeon(R) Silver 4214 CPU @ 2.20GHz,1,1 x GeForce RTX 2080 Ti,,,440.5333480834961,machine,N,1.0
2024-09-03T17:09:33,codecarbon,f2bf78cc-8781-4a00-b60e-bba44358c4cd,10.372056245803831,0.0001353086788384,1.3045501839928806e-05,42.5,0.0,165.20000553131104,0.000122444446716,0.0,0.0004757477354555,0.0005981921821715,Italy,ITA,,,,Linux-5.4.0-174-generic-x86_64-with-glibc2.35,3.11.9,2.2.3,48,Intel(R) Xeon(R) Silver 4214 CPU @ 2.20GHz,1,1 x GeForce RTX 2080 Ti,,,440.5333480834961,machine,N,1.0
2024-09-03T17:19:29,codecarbon,7b0705c6-1113-4c22-9226-31a834c2c5da,0.1464757919311523,1.8335744823682627e-06,1.2517935272403876e-05,42.5,0.0,165.20000553131104,1.7248541116714478e-06,0.0,6.381277218538912e-06,8.10613133021036e-06,Italy,ITA,,,,Linux-5.4.0-174-generic-x86_64-with-glibc2.35,3.11.9,2.2.3,48,Intel(R) Xeon(R) Silver 4214 CPU @ 2.20GHz,1,1 x GeForce RTX 2080 Ti,,,440.5333480834961,machine,N,1.0
2024-09-03T17:23:25,codecarbon,c714774c-a9fd-4ed3-b7f6-dff37a7a4084,0.18743896484375,2.3943201950944312e-06,1.2773865866632094e-05,42.5,0.0,165.20000553131104,2.2089847260051303e-06,0.0,8.376172372681101e-06,1.0585157098686232e-05,Italy,ITA,,,,Linux-5.4.0-174-generic-x86_64-with-glibc2.35,3.11.9,2.2.3,48,Intel(R) Xeon(R) Silver 4214 CPU @ 2.20GHz,1,1 x GeForce RTX 2080 Ti,,,440.5333480834961,machine,N,1.0
2024-09-03T17:28:01,codecarbon,1eab950e-20aa-4057-97c0-255fc08ad8d1,0.9329843521118164,1.2124349140237928e-05,1.2995233106315644e-05,42.5,0.0,165.20000553131104,1.1011111074023777e-05,0.0,4.25899656038924e-05,5.360107667791618e-05,Italy,ITA,,,,Linux-5.4.0-174-generic-x86_64-with-glibc2.35,3.11.9,2.2.3,48,Intel(R) Xeon(R) Silver 4214 CPU @ 2.20GHz,1,1 x GeForce RTX 2080 Ti,,,440.5333480834961,machine,N,1.0
2024-09-03T17:29:56,codecarbon,7d26455f-3fc0-460d-ad4f-7357d83af10b,0.2351229190826416,3.016003893767496e-06,1.2827349649854523e-05,42.5,0.0,165.20000553131104,2.77209480603536e-06,0.0,1.056149152514422e-05,1.333358633117958e-05,Italy,ITA,,,,Linux-5.4.0-174-generic-x86_64-with-glibc2.35,3.11.9,2.2.3,48,Intel(R) Xeon(R) Silver 4214 CPU @ 2.20GHz,1,1 x GeForce RTX 2080 Ti,,,440.5333480834961,machine,N,1.0
2024-09-03T17:30:25,codecarbon,4803a505-88be-47b0-a624-c2cc64bb721c,0.2107083797454834,2.69763280658646e-06,1.2802684021608229e-05,42.5,0.0,165.20000553131104,2.4835495485199827e-06,0.0,9.44253582251425e-06,1.1926085371034232e-05,Italy,ITA,,,,Linux-5.4.0-174-generic-x86_64-with-glibc2.35,3.11.9,2.2.3,48,Intel(R) Xeon(R) Silver 4214 CPU @ 2.20GHz,1,1 x GeForce RTX 2080 Ti,,,440.5333480834961,machine,N,1.0
2024-09-03T17:31:47,codecarbon,a81e8e96-b00a-4c9f-b713-f592195c5bf6,0.2315475940704345,2.970939788826364e-06,1.2830795330668095e-05,42.5,0.0,165.20000553131104,2.729759448104435e-06,0.0,1.0404600968641944e-05,1.3134360416746378e-05,Italy,ITA,,,,Linux-5.4.0-174-generic-x86_64-with-glibc2.35,3.11.9,2.2.3,48,Intel(R) Xeon(R) Silver 4214 CPU @ 2.20GHz,1,1 x GeForce RTX 2080 Ti,,,440.5333480834961,machine,N,1.0
2024-09-04T13:35:45,codecarbon,bb23dc79-38f0-4f99-ba57-2c961a5399ef,15.349010229110718,0.0001978064474383,1.2887244485846507e-05,42.5,0.0,165.20000553131104,0.0001811503930224,0.0,0.0006933409659684,0.0008744913589909,Italy,ITA,,,,Linux-5.4.0-174-generic-x86_64-with-glibc2.35,3.11.9,2.2.3,48,Intel(R) Xeon(R) Silver 4214 CPU @ 2.20GHz,1,1 x GeForce RTX 2080 Ti,,,440.5333480834961,machine,N,1.0
2024-09-04T13:41:22,codecarbon,baa3d80d-d8b8-4382-a7f2-f82560752fd5,0.3465573787689209,4.407246362580768e-06,1.2717219809997038e-05,42.5,0.0,165.20000553131104,4.065657986534966e-06,0.0,1.5418534318283717e-05,1.9484192304818684e-05,Italy,ITA,,,,Linux-5.4.0-174-generic-x86_64-with-glibc2.35,3.11.9,2.2.3,48,Intel(R) Xeon(R) Silver 4214 CPU @ 2.20GHz,1,1 x GeForce RTX 2080 Ti,,,440.5333480834961,machine,N,1.0
2024-09-04T13:42:11,codecarbon,715360d5-3e14-42ed-8200-4ee95460069e,0.3591125011444092,4.572963749509031e-06,1.2734070061432123e-05,42.5,0.0,165.20000553131104,4.216619663768345e-06,0.0,1.600020003909568e-05,2.0216819702864024e-05,Italy,ITA,,,,Linux-5.4.0-174-generic-x86_64-with-glibc2.35,3.11.9,2.2.3,48,Intel(R) Xeon(R) Silver 4214 CPU @ 2.20GHz,1,1 x GeForce RTX 2080 Ti,,,440.5333480834961,machine,N,1.0
2024-09-04T13:47:28,codecarbon,2b65eef7-d53f-472a-bece-157434fe978f,1.2015185356140137,1.558837044727353e-05,1.2973890943186644e-05,42.5,0.0,165.20000553131104,1.4163002537356484e-05,0.0,5.475232066585458e-05,6.891532320321106e-05,Italy,ITA,,,,Linux-5.4.0-174-generic-x86_64-with-glibc2.35,3.11.9,2.2.3,48,Intel(R) Xeon(R) Silver 4214 CPU @ 2.20GHz,1,1 x GeForce RTX 2080 Ti,,,440.5333480834961,machine,N,1.0
2024-09-04T13:50:29,codecarbon,e6862934-7e19-46bc-824f-9c766245b15a,0.2140285968780517,2.74112082386272e-06,1.2807264374230064e-05,42.5,0.0,165.20000553131104,2.5230308373769125e-06,0.0,9.595312651733064e-06,1.2118343489109976e-05,Italy,ITA,,,,Linux-5.4.0-174-generic-x86_64-with-glibc2.35,3.11.9,2.2.3,48,Intel(R) Xeon(R) Silver 4214 CPU @ 2.20GHz,1,1 x GeForce RTX 2080 Ti,,,440.5333480834961,machine,N,1.0
2024-09-04T13:51:10,codecarbon,75076159-532e-4dd6-93a8-60cfffcd4c8e,0.2674078941345215,3.439818678775586e-06,1.286356444303458e-05,42.5,0.0,165.20000553131104,3.1532284286287097e-06,0.0,1.2054019616321624e-05,1.5207248044950336e-05,Italy,ITA,,,,Linux-5.4.0-174-generic-x86_64-with-glibc2.35,3.11.9,2.2.3,48,Intel(R) Xeon(R) Silver 4214 CPU @ 2.20GHz,1,1 x GeForce RTX 2080 Ti,,,440.5333480834961,machine,N,1.0
2024-09-04T13:54:13,codecarbon,6a457cd3-b054-461d-b6d6-52064b5691f3,0.2870502471923828,3.694747005111215e-06,1.2871429449196654e-05,42.5,0.0,165.20000553131104,3.385024434990353e-06,0.0,1.29492476348571e-05,1.6334272069847455e-05,Italy,ITA,,,,Linux-5.4.0-174-generic-x86_64-with-glibc2.35,3.11.9,2.2.3,48,Intel(R) Xeon(R) Silver 4214 CPU @ 2.20GHz,1,1 x GeForce RTX 2080 Ti,,,440.5333480834961,machine,N,1.0
2024-09-04T13:58:58,codecarbon,e49443ba-f6bf-42f9-920a-3ad070326acf,0.2790274620056152,3.5411596560266107e-06,1.269107933166574e-05,42.5,0.0,165.20000553131104,3.285697764820523e-06,0.0,1.2369573133102565e-05,1.5655270897923087e-05,Italy,ITA,,,,Linux-5.4.0-174-generic-x86_64-with-glibc2.35,3.11.9,2.2.3,48,Intel(R) Xeon(R) Silver 4214 CPU @ 2.20GHz,1,1 x GeForce RTX 2080 Ti,,,440.5333480834961,machine,N,1.0
2024-09-04T13:59:13,codecarbon,3dd9fad6-9a87-4b38-ac19-9090af0911d3,0.2052640914916992,2.528099054689805e-06,1.2316323991778368e-05,42.5,0.0,165.20000553131104,2.3923122220569185e-06,0.0,8.784273812575899e-06,1.1176586034632818e-05,Italy,ITA,,,,Linux-5.4.0-174-generic-x86_64-with-glibc2.35,3.11.9,2.2.3,48,Intel(R) Xeon(R) Silver 4214 CPU @ 2.20GHz,1,1 x GeForce RTX 2080 Ti,,,440.5333480834961,machine,N,1.0
2024-09-04T14:03:57,codecarbon,70cacc40-fc54-4363-bd3c-7ae06e0d1574,0.1980881690979004,2.4680504127974085e-06,1.2459352943878403e-05,42.5,0.0,165.20000553131104,2.3191900716887583e-06,0.0,8.591924239781862e-06,1.091111431147062e-05,Italy,ITA,,,,Linux-5.4.0-174-generic-x86_64-with-glibc2.35,3.11.9,2.2.3,48,Intel(R) Xeon(R) Silver 4214 CPU @ 2.20GHz,1,1 x GeForce RTX 2080 Ti,,,440.5333480834961,machine,N,1.0
2024-09-04T14:06:07,codecarbon,b5dd9379-c5ab-48d2-95ad-e330e4c68da2,12.377156734466553,0.0001614231460477,1.3042021646075731e-05,42.5,0.0,165.20000553131104,0.0001460949940813,0.0,0.0005675478026426,0.000713642796724,Italy,ITA,,,,Linux-5.4.0-174-generic-x86_64-with-glibc2.35,3.11.9,2.2.3,48,Intel(R) Xeon(R) Silver 4214 CPU @ 2.20GHz,1,1 x GeForce RTX 2080 Ti,,,440.5333480834961,machine,N,1.0
2024-09-04T14:09:33,codecarbon,980ef3c9-627b-4680-a7e4-d3eef5ae253d,0.2969603538513183,3.822863279490638e-06,1.2873311975526076e-05,42.5,0.0,165.20000553131104,3.502038452360365e-06,0.0,1.33986285775192e-05,1.6900667029879564e-05,Italy,ITA,,,,Linux-5.4.0-174-generic-x86_64-with-glibc2.35,3.11.9,2.2.3,48,Intel(R) Xeon(R) Silver 4214 CPU @ 2.20GHz,1,1 x GeForce RTX 2080 Ti,,,440.5333480834961,machine,N,1.0
2024-09-04T14:11:22,codecarbon,7f433fe1-cbb8-4b96-bb5b-1ad2acdbe5d3,0.7722635269165039,1.0025663266033193e-05,1.298217890214716e-05,42.5,0.0,165.20000553131104,9.112865229447684e-06,0.0,3.52100373242367e-05,4.432290255368439e-05,Italy,ITA,,,,Linux-5.4.0-174-generic-x86_64-with-glibc2.35,3.11.9,2.2.3,48,Intel(R) Xeon(R) Silver 4214 CPU @ 2.20GHz,1,1 x GeForce RTX 2080 Ti,,,440.5333480834961,machine,N,1.0
2024-09-04T14:16:09,codecarbon,7c438579-cbf7-4225-b0c6-a8bc4d445470,12.36830735206604,0.0001613063746544,1.3041911885175322e-05,42.5,0.0,165.20000553131104,0.0001459915382994,0.0,0.0005671350185557,0.0007131265568551,Italy,ITA,,,,Linux-5.4.0-174-generic-x86_64-with-glibc2.35,3.11.9,2.2.3,48,Intel(R) Xeon(R) Silver 4214 CPU @ 2.20GHz,1,1 x GeForce RTX 2080 Ti,,,440.5333480834961,machine,N,1.0
2024-09-04T14:17:20,codecarbon,396eb838-b8b8-434a-864a-617c98064b69,12.348748207092283,0.0001610338678365,1.3040501363859007e-05,42.5,0.0,165.20000553131104,0.0001457576622565,0.0,0.0005661641570352,0.0007119218192918,Italy,ITA,,,,Linux-5.4.0-174-generic-x86_64-with-glibc2.35,3.11.9,2.2.3,48,Intel(R) Xeon(R) Silver 4214 CPU @ 2.20GHz,1,1 x GeForce RTX 2080 Ti,,,440.5333480834961,machine,N,1.0
2024-09-04T14:18:29,codecarbon,fe5cf9a4-8d04-4c38-bcfe-a3d6a666be6f,0.7724001407623291,1.0009421655608394e-05,1.2958855297112558e-05,42.5,0.0,165.20000553131104,9.114934007326762e-06,0.0,3.5136165285359195e-05,4.425109929268596e-05,Italy,ITA,,,,Linux-5.4.0-174-generic-x86_64-with-glibc2.35,3.11.9,2.2.3,48,Intel(R) Xeon(R) Silver 4214 CPU @ 2.20GHz,1,1 x GeForce RTX 2080 Ti,,,440.5333480834961,machine,N,1.0
2024-09-04T14:18:49,codecarbon,fb7d542c-ba43-42a6-b93c-e726f02d9dcd,12.269649028778076,0.0001600328401469,1.3042984340596934e-05,42.5,0.0,165.20000553131104,0.0001448297942678,0.0,0.0005626665369978,0.0007074963312656,Italy,ITA,,,,Linux-5.4.0-174-generic-x86_64-with-glibc2.35,3.11.9,2.2.3,48,Intel(R) Xeon(R) Silver 4214 CPU @ 2.20GHz,1,1 x GeForce RTX 2080 Ti,,,440.5333480834961,machine,N,1.0
2024-09-04T14:24:49,codecarbon,977c9390-450e-4f0f-af8d-969cc24f90dc,11.142018556594849,0.0001452912707992,1.3039941556480434e-05,42.5,0.0,165.20000553131104,0.0001315121675531,0.0,0.0005108125013146,0.0006423246688677,Italy,ITA,,,,Linux-5.4.0-174-generic-x86_64-with-glibc2.35,3.11.9,2.2.3,48,Intel(R) Xeon(R) Silver 4214 CPU @ 2.20GHz,1,1 x GeForce RTX 2080 Ti,,,440.5333480834961,machine,N,1.0
2024-09-04T14:52:16,codecarbon,94db584b-9fee-4425-a850-883eb0ea8703,7.73533296585083,0.0001008494582003,1.3037507066030646e-05,42.5,0.0,165.20000553131104,9.129700859387716e-05,0.0,0.0003545528658529,0.0004458498744468,Italy,ITA,,,,Linux-5.4.0-174-generic-x86_64-with-glibc2.35,3.11.9,2.2.3,48,Intel(R) Xeon(R) Silver 4214 CPU @ 2.20GHz,1,1 x GeForce RTX 2080 Ti,,,440.5333480834961,machine,N,1.0
2024-09-04T15:05:01,codecarbon,0dde6d9d-5300-496a-bbbe-8a0426e319f3,0.3758201599121094,4.853807439838272e-06,1.2915239674671524e-05,42.5,0.0,165.20000553131104,4.432386159896851e-06,0.0,1.7026027958117046e-05,2.145841411801389e-05,Italy,ITA,,,,Linux-5.4.0-174-generic-x86_64-with-glibc2.35,3.11.9,2.2.3,48,Intel(R) Xeon(R) Silver 4214 CPU @ 2.20GHz,1,1 x GeForce RTX 2080 Ti,,,440.5333480834961,machine,N,1.0
2024-09-04T15:12:11,codecarbon,5fa7c03c-e002-4ee1-bc99-22732209af6d,0.414921760559082,5.362977831303171e-06,1.29252749339463e-05,42.5,0.0,165.20000553131104,4.894213378429413e-06,0.0,1.8815214866557992e-05,2.3709428244987404e-05,Italy,ITA,,,,Linux-5.4.0-174-generic-x86_64-with-glibc2.35,3.11.9,2.2.3,48,Intel(R) Xeon(R) Silver 4214 CPU @ 2.20GHz,1,1 x GeForce RTX 2080 Ti,,,440.5333480834961,machine,N,1.0
2024-09-04T15:14:00,codecarbon,4de650f5-54ef-42c7-bcd6-f6a1b5aa1051,0.3356692790985107,4.329683062241684e-06,1.2898657493678555e-05,42.5,0.0,165.20000553131104,3.959086371792688e-06,0.0,1.5182202874001594e-05,1.9141289245794283e-05,Italy,ITA,,,,Linux-5.4.0-174-generic-x86_64-with-glibc2.35,3.11.9,2.2.3,48,Intel(R) Xeon(R) Silver 4214 CPU @ 2.20GHz,1,1 x GeForce RTX 2080 Ti,,,440.5333480834961,machine,N,1.0
2024-09-04T15:16:47,codecarbon,e4be4dec-fbeb-457f-83b0-4c246a0720ad,0.440584659576416,5.680748464721688e-06,1.2893659234943032e-05,42.5,0.0,165.20000553131104,5.19597911172443e-06,0.0,1.9918295520548856e-05,2.5114274632273286e-05,Italy,ITA,,,,Linux-5.4.0-174-generic-x86_64-with-glibc2.35,3.11.9,2.2.3,48,Intel(R) Xeon(R) Silver 4214 CPU @ 2.20GHz,1,1 x GeForce RTX 2080 Ti,,,440.5333480834961,machine,N,1.0
2024-09-04T15:18:45,codecarbon,33d88348-e8a1-477e-8cbf-703986641b77,0.3077900409698486,3.965885593836161e-06,1.2885035465538868e-05,42.5,0.0,165.20000553131104,3.629798856046465e-06,0.0,1.3903161911766232e-05,1.7532960767812697e-05,Italy,ITA,,,,Linux-5.4.0-174-generic-x86_64-with-glibc2.35,3.11.9,2.2.3,48,Intel(R) Xeon(R) Silver 4214 CPU @ 2.20GHz,1,1 x GeForce RTX 2080 Ti,,,440.5333480834961,machine,N,1.0
2024-09-04T15:21:29,codecarbon,3f40e6dd-6fa3-4d4b-a13a-cb16724dbae6,0.4085681438446045,5.281037424003808e-06,1.2925719989594702e-05,42.5,0.0,165.20000553131104,4.819821814695995e-06,0.0,1.852735242359207e-05,2.3347174238288066e-05,Italy,ITA,,,,Linux-5.4.0-174-generic-x86_64-with-glibc2.35,3.11.9,2.2.3,48,Intel(R) Xeon(R) Silver 4214 CPU @ 2.20GHz,1,1 x GeForce RTX 2080 Ti,,,440.5333480834961,machine,N,1.0
2024-09-04T15:22:17,codecarbon,694e2b7b-6820-42de-8860-76335eab64a6,0.3579533100128174,4.621188870017902e-06,1.2910032511928522e-05,42.5,0.0,165.20000553131104,4.222164551417033e-06,0.0,1.6207855740798134e-05,2.043002029221517e-05,Italy,ITA,,,,Linux-5.4.0-174-generic-x86_64-with-glibc2.35,3.11.9,2.2.3,48,Intel(R) Xeon(R) Silver 4214 CPU @ 2.20GHz,1,1 x GeForce RTX 2080 Ti,,,440.5333480834961,machine,N,1.0
2024-09-04T15:24:43,codecarbon,dc0e91d3-f7d1-463a-839e-91f9cdb1ea79,0.3497161865234375,4.415301724841746e-06,1.262538565553596e-05,42.5,0.0,165.20000553131104,4.1250445776515535e-06,0.0,1.5394760037999237e-05,1.951980461565079e-05,Italy,ITA,,,,Linux-5.4.0-174-generic-x86_64-with-glibc2.35,3.11.9,2.2.3,48,Intel(R) Xeon(R) Silver 4214 CPU @ 2.20GHz,1,1 x GeForce RTX 2080 Ti,,,440.5333480834961,machine,N,1.0
2024-09-04T15:26:30,codecarbon,8c9811b8-6b5e-4fa0-90c0-ece7d596268d,0.3515751361846924,4.536472469905652e-06,1.2903280132763754e-05,42.5,0.0,165.20000553131104,4.146233366595375e-06,0.0,1.5909260408297427e-05,2.0055493774892803e-05,Italy,ITA,,,,Linux-5.4.0-174-generic-x86_64-with-glibc2.35,3.11.9,2.2.3,48,Intel(R) Xeon(R) Silver 4214 CPU @ 2.20GHz,1,1 x GeForce RTX 2080 Ti,,,440.5333480834961,machine,N,1.0
2024-09-04T15:27:41,codecarbon,4ebd4dd3-4b95-4f65-9c0d-dacb604fa2dc,0.4790234565734863,6.201035214800414e-06,1.294515984490025e-05,42.5,0.0,165.20000553131104,5.651470522085825e-06,0.0,2.176296304349629e-05,2.741443356558212e-05,Italy,ITA,,,,Linux-5.4.0-174-generic-x86_64-with-glibc2.35,3.11.9,2.2.3,48,Intel(R) Xeon(R) Silver 4214 CPU @ 2.20GHz,1,1 x GeForce RTX 2080 Ti,,,440.5333480834961,machine,N,1.0
2024-09-04T15:28:22,codecarbon,3a5d667b-dcc7-456a-a7f9-b23038a539f0,0.4209558963775635,5.441171727571087e-06,1.2925752494248932e-05,42.5,0.0,165.20000553131104,4.96583812766605e-06,0.0,1.9089281006054647e-05,2.4055119133720696e-05,Italy,ITA,,,,Linux-5.4.0-174-generic-x86_64-with-glibc2.35,3.11.9,2.2.3,48,Intel(R) Xeon(R) Silver 4214 CPU @ 2.20GHz,1,1 x GeForce RTX 2080 Ti,,,440.5333480834961,machine,N,1.0
2024-09-04T15:29:12,codecarbon,9ddeab2c-8aa8-4f5c-b718-58df54878f22,0.2576754093170166,3.3123209543298465e-06,1.2854625760018554e-05,42.5,0.0,165.20000553131104,3.038226895862156e-06,0.0,1.1605360764086944e-05,1.46435876599491e-05,Italy,ITA,,,,Linux-5.4.0-174-generic-x86_64-with-glibc2.35,3.11.9,2.2.3,48,Intel(R) Xeon(R) Silver 4214 CPU @ 2.20GHz,1,1 x GeForce RTX 2080 Ti,,,440.5333480834961,machine,N,1.0
2024-09-04T15:29:56,codecarbon,cffe208e-bb80-4486-adf3-02b9a4b7e75d,0.3921985626220703,5.06801119415018e-06,1.292205448247348e-05,42.5,0.0,165.20000553131104,4.62660077545378e-06,0.0,1.777879628793452e-05,2.24053970633883e-05,Italy,ITA,,,,Linux-5.4.0-174-generic-x86_64-with-glibc2.35,3.11.9,2.2.3,48,Intel(R) Xeon(R) Silver 4214 CPU @ 2.20GHz,1,1 x GeForce RTX 2080 Ti,,,440.5333480834961,machine,N,1.0
2024-09-04T15:31:13,codecarbon,e31d10cf-ff51-49d1-87f9-d5dc0ccbdf26,0.4214670658111572,5.423588467723891e-06,1.2868356528132586e-05,42.5,0.0,165.20000553131104,4.971439308590359e-06,0.0,1.900594520627237e-05,2.397738451486273e-05,Italy,ITA,,,,Linux-5.4.0-174-generic-x86_64-with-glibc2.35,3.11.9,2.2.3,48,Intel(R) Xeon(R) Silver 4214 CPU @ 2.20GHz,1,1 x GeForce RTX 2080 Ti,,,440.5333480834961,machine,N,1.0
2024-09-04T15:32:12,codecarbon,d2abd0e4-84ad-4d33-a7e8-f9b298079d81,0.2681140899658203,3.4438525716780933e-06,1.2844728048858311e-05,42.5,0.0,165.20000553131104,3.16156546274821e-06,0.0,1.2063516199518554e-05,1.5225081662266764e-05,Italy,ITA,,,,Linux-5.4.0-174-generic-x86_64-with-glibc2.35,3.11.9,2.2.3,48,Intel(R) Xeon(R) Silver 4214 CPU @ 2.20GHz,1,1 x GeForce RTX 2080 Ti,,,440.5333480834961,machine,N,1.0
2024-09-04T15:33:07,codecarbon,c8b910b7-cd9f-4726-b5ae-8b2760b0c9cd,0.3637862205505371,4.69628635685654e-06,1.29094674057456e-05,42.5,0.0,165.20000553131104,4.291194180647532e-06,0.0,1.64708279455463e-05,2.076202212619383e-05,Italy,ITA,,,,Linux-5.4.0-174-generic-x86_64-with-glibc2.35,3.11.9,2.2.3,48,Intel(R) Xeon(R) Silver 4214 CPU @ 2.20GHz,1,1 x GeForce RTX 2080 Ti,,,440.5333480834961,machine,N,1.0
2024-09-04T15:36:56,codecarbon,985f8844-95ff-48d6-83e2-924be6ec1623,0.364314317703247,4.7035777641135e-06,1.2910768354552589e-05,42.5,0.0,165.20000553131104,4.297127491898007e-06,0.0,1.6497129542326737e-05,2.0794257034224743e-05,Italy,ITA,,,,Linux-5.4.0-174-generic-x86_64-with-glibc2.35,3.11.9,2.2.3,48,Intel(R) Xeon(R) Silver 4214 CPU @ 2.20GHz,1,1 x GeForce RTX 2080 Ti,,,440.5333480834961,machine,N,1.0
2024-09-04T15:47:29,codecarbon,6c32930c-103a-4a75-9319-8614fb8e3799,0.2510874271392822,3.193373495926256e-06,1.2718173635013752e-05,42.5,0.0,165.20000553131104,2.942305968867408e-06,0.0,1.1175421559144828e-05,1.4117727528012236e-05,Italy,ITA,,,,Linux-5.4.0-174-generic-x86_64-with-glibc2.35,3.11.9,2.2.3,48,Intel(R) Xeon(R) Silver 4214 CPU @ 2.20GHz,1,1 x GeForce RTX 2080 Ti,,,440.5333480834961,machine,N,1.0
2024-09-04T15:49:39,codecarbon,35cc7308-3336-4ad9-b78a-abf428269e60,0.3455283641815185,4.459562728366902e-06,1.2906502593298336e-05,42.5,0.0,165.20000553131104,4.075635969638825e-06,0.0,1.5639844093522774e-05,1.97154800631616e-05,Italy,ITA,,,,Linux-5.4.0-174-generic-x86_64-with-glibc2.35,3.11.9,2.2.3,48,Intel(R) Xeon(R) Silver 4214 CPU @ 2.20GHz,1,1 x GeForce RTX 2080 Ti,,,440.5333480834961,machine,N,1.0
2024-09-04T15:51:11,codecarbon,14b52883-b270-40f7-b950-9b0010a34433,0.4250233173370361,5.472653288609365e-06,1.2876124827451867e-05,42.5,0.0,165.20000553131104,5.013332764307658e-06,0.0,1.918096460880842e-05,2.419429737311608e-05,Italy,ITA,,,,Linux-5.4.0-174-generic-x86_64-with-glibc2.35,3.11.9,2.2.3,48,Intel(R) Xeon(R) Silver 4214 CPU @ 2.20GHz,1,1 x GeForce RTX 2080 Ti,,,440.5333480834961,machine,N,1.0
2024-09-04T15:52:30,codecarbon,94cafc2d-ee5e-43eb-b2bd-70e65fac8025,0.308828592300415,3.96021160945932e-06,1.2823332127250052e-05,42.5,0.0,165.20000553131104,3.6423944764667087e-06,0.0,1.3865481920371964e-05,1.7507876396838673e-05,Italy,ITA,,,,Linux-5.4.0-174-generic-x86_64-with-glibc2.35,3.11.9,2.2.3,48,Intel(R) Xeon(R) Silver 4214 CPU @ 2.20GHz,1,1 x GeForce RTX 2080 Ti,,,440.5333480834961,machine,N,1.0
2024-09-04T15:55:17,codecarbon,063e7b95-99df-4120-a060-4d0a5c100409,0.3345372676849365,4.3164108892706455e-06,1.290263090609024e-05,42.5,0.0,165.20000553131104,3.945322665903304e-06,0.0,1.5137291037569108e-05,1.908261370347241e-05,Italy,ITA,,,,Linux-5.4.0-174-generic-x86_64-with-glibc2.35,3.11.9,2.2.3,48,Intel(R) Xeon(R) Silver 4214 CPU @ 2.20GHz,1,1 x GeForce RTX 2080 Ti,,,440.5333480834961,machine,N,1.0
2024-09-04T15:57:39,codecarbon,501d1321-c611-45dc-98cd-44560f526491,0.242244005203247,3.111956982203072e-06,1.2846373554598736e-05,42.5,0.0,165.20000553131104,2.8561716278394062e-06,0.0,1.0901617997985415e-05,1.3757789625824824e-05,Italy,ITA,,,,Linux-5.4.0-174-generic-x86_64-with-glibc2.35,3.11.9,2.2.3,48,Intel(R) Xeon(R) Silver 4214 CPU @ 2.20GHz,1,1 x GeForce RTX 2080 Ti,,,440.5333480834961,machine,N,1.0
2024-09-04T15:58:56,codecarbon,6dd176e8-f3ac-4ce7-b564-2c4446b4dc14,0.2600295543670654,3.326622584192414e-06,1.279324803016989e-05,42.5,0.0,165.20000553131104,3.065546022521125e-06,0.0,1.1641268351704828e-05,1.4706814374225954e-05,Italy,ITA,,,,Linux-5.4.0-174-generic-x86_64-with-glibc2.35,3.11.9,2.2.3,48,Intel(R) Xeon(R) Silver 4214 CPU @ 2.20GHz,1,1 x GeForce RTX 2080 Ti,,,440.5333480834961,machine,N,1.0
2024-09-04T16:00:09,codecarbon,04ad4fb6-1fb7-4bb7-a71c-0e61199ffd84,0.2828447818756103,3.629909553824197e-06,1.2833574406971246e-05,42.5,0.0,165.20000553131104,3.3350303769111634e-06,0.0,1.2712598908417476e-05,1.604762928532864e-05,Italy,ITA,,,,Linux-5.4.0-174-generic-x86_64-with-glibc2.35,3.11.9,2.2.3,48,Intel(R) Xeon(R) Silver 4214 CPU @ 2.20GHz,1,1 x GeForce RTX 2080 Ti,,,440.5333480834961,machine,N,1.0
2024-09-04T16:00:57,codecarbon,23dcf509-b3ba-46f1-9632-544c51d50834,0.2218537330627441,2.8424754710113176e-06,1.2812385132178124e-05,42.5,0.0,165.20000553131104,2.614532742235396e-06,0.0,9.95189403370811e-06,1.2566426775943508e-05,Italy,ITA,,,,Linux-5.4.0-174-generic-x86_64-with-glibc2.35,3.11.9,2.2.3,48,Intel(R) Xeon(R) Silver 4214 CPU @ 2.20GHz,1,1 x GeForce RTX 2080 Ti,,,440.5333480834961,machine,N,1.0
2024-09-04T16:21:35,codecarbon,7dc52e8b-3948-4823-8620-3d2af94b3cd2,9.833057165145874,0.0001282320628737,1.3040915019625532e-05,42.5,0.0,165.20000553131104,0.0001160632520914,0.0,0.0004508436024674,0.0005669068545588,Italy,ITA,,,,Linux-5.4.0-174-generic-x86_64-with-glibc2.35,3.11.9,2.2.3,48,Intel(R) Xeon(R) Silver 4214 CPU @ 2.20GHz,1,1 x GeForce RTX 2080 Ti,,,440.5333480834961,machine,N,1.0
2024-09-04T16:24:33,codecarbon,147f70a3-4bba-4112-b084-72008460dab4,1.2697393894195557,1.6480557056184443e-05,1.297948003622878e-05,42.5,0.0,165.20000553131104,1.4968711303340064e-05,0.0,5.789091953091183e-05,7.285963083425189e-05,Italy,ITA,,,,Linux-5.4.0-174-generic-x86_64-with-glibc2.35,3.11.9,2.2.3,48,Intel(R) Xeon(R) Silver 4214 CPU @ 2.20GHz,1,1 x GeForce RTX 2080 Ti,,,440.5333480834961,machine,N,1.0
2024-09-05T09:02:53,codecarbon,622669fa-7c6b-4881-b08a-889a926171e4,0.2310147285461425,2.964756990343525e-06,1.28336275743187e-05,42.5,0.0,165.20000553131104,2.7237163649664984e-06,0.0,1.0383310241797217e-05,1.3107026606763711e-05,Italy,ITA,,,,Linux-5.4.0-174-generic-x86_64-with-glibc2.35,3.11.9,2.2.3,48,Intel(R) Xeon(R) Silver 4214 CPU @ 2.20GHz,1,1 x GeForce RTX 2080 Ti,,,440.5333480834961,machine,N,1.0
2024-09-05T09:05:37,codecarbon,fa5b9dca-fd4a-4095-a03d-3401a3cded35,0.2640259265899658,3.3803746848155537e-06,1.280319220341304e-05,42.5,0.0,165.20000553131104,3.1109409199820627e-06,0.0,1.1833508516858349e-05,1.4944449436840411e-05,Italy,ITA,,,,Linux-5.4.0-174-generic-x86_64-with-glibc2.35,3.11.9,2.2.3,48,Intel(R) Xeon(R) Silver 4214 CPU @ 2.20GHz,1,1 x GeForce RTX 2080 Ti,,,440.5333480834961,machine,N,1.0
2024-09-05T09:07:00,codecarbon,897c2984-eedc-4401-8138-78a89af5c5ac,0.303077220916748,3.905167841613885e-06,1.288505889621639e-05,42.5,0.0,165.20000553131104,3.574549820688036e-06,0.0,1.3689981124217638e-05,1.7264530944905676e-05,Italy,ITA,,,,Linux-5.4.0-174-generic-x86_64-with-glibc2.35,3.11.9,2.2.3,48,Intel(R) Xeon(R) Silver 4214 CPU @ 2.20GHz,1,1 x GeForce RTX 2080 Ti,,,440.5333480834961,machine,N,1.0
2024-09-05T09:07:59,codecarbon,ad880623-fd9f-44d6-b987-b8d1a16c7f0c,0.2015929222106933,2.579536588299429e-06,1.279576961339667e-05,42.5,0.0,165.20000553131104,2.3762827118237816e-06,0.0,9.02770581272762e-06,1.14039885245514e-05,Italy,ITA,,,,Linux-5.4.0-174-generic-x86_64-with-glibc2.35,3.11.9,2.2.3,48,Intel(R) Xeon(R) Silver 4214 CPU @ 2.20GHz,1,1 x GeForce RTX 2080 Ti,,,440.5333480834961,machine,N,1.0
2024-09-05T09:08:48,codecarbon,1bd0231b-2c28-4a1c-a521-1b2396089f6f,0.2388958930969238,3.06788052701972e-06,1.284191405406468e-05,42.5,0.0,165.20000553131104,2.8165833817587963e-06,0.0,1.07463466745628e-05,1.3562930056321596e-05,Italy,ITA,,,,Linux-5.4.0-174-generic-x86_64-with-glibc2.35,3.11.9,2.2.3,48,Intel(R) Xeon(R) Silver 4214 CPU @ 2.20GHz,1,1 x GeForce RTX 2080 Ti,,,440.5333480834961,machine,N,1.0
2024-09-05T09:13:34,codecarbon,a9bbb56c-1dbe-4384-91bf-09bbdc78843a,0.2102000713348388,2.6926679795648063e-06,1.281002409973264e-05,42.5,0.0,165.20000553131104,2.477858298354679e-06,0.0,9.426277847133333e-06,1.190413614548801e-05,Italy,ITA,,,,Linux-5.4.0-174-generic-x86_64-with-glibc2.35,3.11.9,2.2.3,48,Intel(R) Xeon(R) Silver 4214 CPU @ 2.20GHz,1,1 x GeForce RTX 2080 Ti,,,440.5333480834961,machine,N,1.0
2024-09-05T09:18:18,codecarbon,f506c583-7221-49bb-be46-5f51b788514b,0.2108538150787353,2.689140758597053e-06,1.2753578860277652e-05,42.5,0.0,165.20000553131104,2.485305898719364e-06,0.0,9.403236598040318e-06,1.1888542496759682e-05,Italy,ITA,,,,Linux-5.4.0-174-generic-x86_64-with-glibc2.35,3.11.9,2.2.3,48,Intel(R) Xeon(R) Silver 4214 CPU @ 2.20GHz,1,1 x GeForce RTX 2080 Ti,,,440.5333480834961,machine,N,1.0
2024-09-05T09:18:54,codecarbon,6752ae29-0c86-4379-a515-9db21b15bdae,0.2220239639282226,2.842344181532581e-06,1.280197025241596e-05,42.5,0.0,165.20000553131104,2.6173220740424263e-06,0.0,9.948524278380169e-06,1.2565846352422593e-05,Italy,ITA,,,,Linux-5.4.0-174-generic-x86_64-with-glibc2.35,3.11.9,2.2.3,48,Intel(R) Xeon(R) Silver 4214 CPU @ 2.20GHz,1,1 x GeForce RTX 2080 Ti,,,440.5333480834961,machine,N,1.0
2024-09-05T09:20:13,codecarbon,6cbe9e3e-d148-4dee-9853-4e54e6ff5fdf,0.3112733364105224,4.012186653375599e-06,1.2889593113379075e-05,42.5,0.0,165.20000553131104,3.670808507336511e-06,0.0,1.4066846682744652e-05,1.7737655190081164e-05,Italy,ITA,,,,Linux-5.4.0-174-generic-x86_64-with-glibc2.35,3.11.9,2.2.3,48,Intel(R) Xeon(R) Silver 4214 CPU @ 2.20GHz,1,1 x GeForce RTX 2080 Ti,,,440.5333480834961,machine,N,1.0
2024-09-05T09:22:42,codecarbon,b8b1e775-3dc0-4c11-8b5a-06ee0d7213ea,0.2431623935699463,3.110150977220658e-06,1.2790427547448925e-05,42.5,0.0,165.20000553131104,2.866819500923157e-06,0.0,1.0882985876805264e-05,1.374980537772842e-05,Italy,ITA,,,,Linux-5.4.0-174-generic-x86_64-with-glibc2.35,3.11.9,2.2.3,48,Intel(R) Xeon(R) Silver 4214 CPU @ 2.20GHz,1,1 x GeForce RTX 2080 Ti,,,440.5333480834961,machine,N,1.0
2024-09-05T09:23:38,codecarbon,f1387a68-d7cc-444f-80d2-50f8ff5a79d5,0.2279424667358398,2.92193004627622e-06,1.2818717319850776e-05,42.5,0.0,165.20000553131104,2.6865121391084458e-06,0.0,1.0231178917657454e-05,1.29176910567659e-05,Italy,ITA,,,,Linux-5.4.0-174-generic-x86_64-with-glibc2.35,3.11.9,2.2.3,48,Intel(R) Xeon(R) Silver 4214 CPU @ 2.20GHz,1,1 x GeForce RTX 2080 Ti,,,440.5333480834961,machine,N,1.0
2024-09-05T09:24:51,codecarbon,6532a6fd-ea64-41c7-bafe-8cde230a64a5,0.2876677513122558,3.703878587481874e-06,1.2875543298078658e-05,42.5,0.0,165.20000553131104,3.392441074053447e-06,0.0,1.2982201216181013e-05,1.637464229023446e-05,Italy,ITA,,,,Linux-5.4.0-174-generic-x86_64-with-glibc2.35,3.11.9,2.2.3,48,Intel(R) Xeon(R) Silver 4214 CPU @ 2.20GHz,1,1 x GeForce RTX 2080 Ti,,,440.5333480834961,machine,N,1.0
2024-09-05T09:29:43,codecarbon,4ad13dea-4fc9-4c2a-9477-21255f921d38,0.2075033187866211,2.657083367068874e-06,1.2805016240733934e-05,42.5,0.0,165.20000553131104,2.445878088474274e-06,0.0,9.300940454156336e-06,1.174681854263061e-05,Italy,ITA,,,,Linux-5.4.0-174-generic-x86_64-with-glibc2.35,3.11.9,2.2.3,48,Intel(R) Xeon(R) Silver 4214 CPU @ 2.20GHz,1,1 x GeForce RTX 2080 Ti,,,440.5333480834961,machine,N,1.0
2024-09-05T09:31:26,codecarbon,fa4f8cc3-7000-46d9-8967-fb56e368def8,0.2268502712249755,2.90945649328072e-06,1.2825448599068706e-05,42.5,0.0,165.20000553131104,2.673894001377954e-06,0.0,1.0188652167788252e-05,1.2862546169166208e-05,Italy,ITA,,,,Linux-5.4.0-174-generic-x86_64-with-glibc2.35,3.11.9,2.2.3,48,Intel(R) Xeon(R) Silver 4214 CPU @ 2.20GHz,1,1 x GeForce RTX 2080 Ti,,,440.5333480834961,machine,N,1.0
2024-09-05T09:32:47,codecarbon,4b5abaa1-d33a-4cb8-870b-6b198fa67971,0.286600112915039,3.6903007280751815e-06,1.2876131452080585e-05,42.5,0.0,165.20000553131104,3.379831380314297e-06,0.0,1.2934783944780672e-05,1.6314615325094968e-05,Italy,ITA,,,,Linux-5.4.0-174-generic-x86_64-with-glibc2.35,3.11.9,2.2.3,48,Intel(R) Xeon(R) Silver 4214 CPU @ 2.20GHz,1,1 x GeForce RTX 2080 Ti,,,440.5333480834961,machine,N,1.0
2024-09-05T09:33:38,codecarbon,a140ab3b-5ae7-497f-90ab-a60caeb91052,0.2172894477844238,2.77429878450144e-06,1.2767756615838352e-05,42.5,0.0,165.20000553131104,2.561121682326e-06,0.0,9.703899734946806e-06,1.2265021417272803e-05,Italy,ITA,,,,Linux-5.4.0-174-generic-x86_64-with-glibc2.35,3.11.9,2.2.3,48,Intel(R) Xeon(R) Silver 4214 CPU @ 2.20GHz,1,1 x GeForce RTX 2080 Ti,,,440.5333480834961,machine,N,1.0
2024-09-05T13:47:16,codecarbon,660c84df-d250-4412-b4be-3e589a36a0a5,3.564308881759644,4.641609097371374e-05,1.302246592915899e-05,42.5,0.0,165.20000553131104,4.205582804150052e-05,0.0,0.0001631471418329,0.0002052029698744,Italy,ITA,,,,Linux-5.4.0-174-generic-x86_64-with-glibc2.35,3.11.9,2.2.3,48,Intel(R) Xeon(R) Silver 4214 CPU @ 2.20GHz,1,1 x GeForce RTX 2080 Ti,,,440.5333480834961,machine,N,1.0
2024-09-05T14:08:27,codecarbon,39fdfb0a-a458-4a47-a533-f47004e63a51,0.3762392997741699,4.857238461268318e-06,1.2909971032222786e-05,42.5,0.0,165.20000553131104,4.437871939606137e-06,0.0,1.7035710534302855e-05,2.1473582473909e-05,Italy,ITA,,,,Linux-5.4.0-174-generic-x86_64-with-glibc2.35,3.11.9,2.2.3,48,Intel(R) Xeon(R) Silver 4214 CPU @ 2.20GHz,1,1 x GeForce RTX 2080 Ti,,,440.5333480834961,machine,N,1.0
2024-09-05T14:09:35,codecarbon,f1494fb7-81e5-43fa-b8de-281e95272d07,0.4370718002319336,5.652710354312148e-06,1.293313902043673e-05,42.5,0.0,165.20000553131104,5.155819488896264e-06,0.0,1.9834500208676407e-05,2.499031969757267e-05,Italy,ITA,,,,Linux-5.4.0-174-generic-x86_64-with-glibc2.35,3.11.9,2.2.3,48,Intel(R) Xeon(R) Silver 4214 CPU @ 2.20GHz,1,1 x GeForce RTX 2080 Ti,,,440.5333480834961,machine,N,1.0
2024-09-05T14:27:38,codecarbon,613c650c-ad4f-4c6a-b4f2-ff9d78875cac,0.217768907546997,2.7167144669553963e-06,1.247521741077338e-05,42.5,0.0,165.20000553131104,2.5394515858756174e-06,0.0,9.470992749812883e-06,1.20104443356885e-05,Italy,ITA,,,,Linux-5.4.0-174-generic-x86_64-with-glibc2.35,3.11.9,2.2.3,48,Intel(R) Xeon(R) Silver 4214 CPU @ 2.20GHz,1,1 x GeForce RTX 2080 Ti,,,440.5333480834961,machine,N,1.0
2024-09-05T14:28:17,codecarbon,f26ae01f-8cea-4990-9992-6147008b31f2,0.4390721321105957,5.61464988793369e-06,1.2787534159693478e-05,42.5,0.0,165.20000553131104,5.157378812630972e-06,0.0,1.9664677669064947e-05,2.482205648169592e-05,Italy,ITA,,,,Linux-5.4.0-174-generic-x86_64-with-glibc2.35,3.11.9,2.2.3,48,Intel(R) Xeon(R) Silver 4214 CPU @ 2.20GHz,1,1 x GeForce RTX 2080 Ti,,,440.5333480834961,machine,N,1.0
2024-09-05T14:33:46,codecarbon,3755e7ed-ef30-4edc-b33d-6ce78d75778c,0.2219505310058593,2.7701535182566462e-06,1.2480950172556764e-05,42.5,0.0,165.20000553131104,2.590563065475888e-06,0.0,9.65613235909681e-06,1.22466954245727e-05,Italy,ITA,,,,Linux-5.4.0-174-generic-x86_64-with-glibc2.35,3.11.9,2.2.3,48,Intel(R) Xeon(R) Silver 4214 CPU @ 2.20GHz,1,1 x GeForce RTX 2080 Ti,,,440.5333480834961,machine,N,1.0
2024-09-05T14:40:41,codecarbon,967c02bb-1944-48c1-a094-8571390a33af,0.2477979660034179,3.111684887456095e-06,1.2557346364227925e-05,42.5,0.0,165.20000553131104,2.895909051100413e-06,0.0,1.086067765890372e-05,1.3756586710004134e-05,Italy,ITA,,,,Linux-5.4.0-174-generic-x86_64-with-glibc2.35,3.11.9,2.2.3,48,Intel(R) Xeon(R) Silver 4214 CPU @ 2.20GHz,1,1 x GeForce RTX 2080 Ti,,,440.5333480834961,machine,N,1.0
2024-09-05T14:45:07,codecarbon,99150e69-a74a-4deb-b737-76beac8767f6,0.2262511253356933,2.842441633113695e-06,1.256321544874664e-05,42.5,0.0,165.20000553131104,2.646045717928145e-06,0.0,9.920231462542307e-06,1.2566277180470457e-05,Italy,ITA,,,,Linux-5.4.0-174-generic-x86_64-with-glibc2.35,3.11.9,2.2.3,48,Intel(R) Xeon(R) Silver 4214 CPU @ 2.20GHz,1,1 x GeForce RTX 2080 Ti,,,440.5333480834961,machine,N,1.0
2024-09-05T14:48:13,codecarbon,d63a3840-8360-481c-b275-44d9398276c7,0.1734232902526855,2.147387065471405e-06,1.2382345314418643e-05,42.5,0.0,165.20000553131104,2.022020684348212e-06,0.0,7.471458711712747e-06,9.49347939606096e-06,Italy,ITA,,,,Linux-5.4.0-174-generic-x86_64-with-glibc2.35,3.11.9,2.2.3,48,Intel(R) Xeon(R) Silver 4214 CPU @ 2.20GHz,1,1 x GeForce RTX 2080 Ti,,,440.5333480834961,machine,N,1.0
2024-09-05T14:50:15,codecarbon,7a659044-1b8e-47a5-95c3-56be3ca90a68,48.7713520526886,0.0006358471712401,1.3037308675658636e-05,42.5,0.0,165.20000553131104,0.0005756674069497,0.0,0.0022353777540615,0.0028110451610113,Italy,ITA,,,,Linux-5.4.0-174-generic-x86_64-with-glibc2.35,3.11.9,2.2.3,48,Intel(R) Xeon(R) Silver 4214 CPU @ 2.20GHz,1,1 x GeForce RTX 2080 Ti,,,440.5333480834961,machine,N,1.0
2024-09-05T14:50:50,codecarbon,99c15b90-95ab-4550-997e-1f438b87b6be,0.2085921764373779,2.6119807877884683e-06,1.2521949923527544e-05,42.5,0.0,165.20000553131104,2.437332769234975e-06,0.0,9.110089766037391e-06,1.1547422535272368e-05,Italy,ITA,,,,Linux-5.4.0-174-generic-x86_64-with-glibc2.35,3.11.9,2.2.3,48,Intel(R) Xeon(R) Silver 4214 CPU @ 2.20GHz,1,1 x GeForce RTX 2080 Ti,,,440.5333480834961,machine,N,1.0
2024-09-05T14:52:43,codecarbon,7426d34c-88e8-4720-9005-791064bd3d26,0.2067458629608154,2.5832392380365253e-06,1.2494756611048256e-05,42.5,0.0,165.20000553131104,2.414708501762814e-06,0.0,9.005649232399264e-06,1.1420357734162076e-05,Italy,ITA,,,,Linux-5.4.0-174-generic-x86_64-with-glibc2.35,3.11.9,2.2.3,48,Intel(R) Xeon(R) Silver 4214 CPU @ 2.20GHz,1,1 x GeForce RTX 2080 Ti,,,440.5333480834961,machine,N,1.0
2024-09-05T14:53:58,codecarbon,c2f9bb4c-3256-4eb0-9e63-053993373811,0.2231395244598388,2.7984460644012204e-06,1.2541238810898742e-05,42.5,0.0,165.20000553131104,2.611081964439816e-06,0.0,9.760693241139506e-06,1.2371775205579322e-05,Italy,ITA,,,,Linux-5.4.0-174-generic-x86_64-with-glibc2.35,3.11.9,2.2.3,48,Intel(R) Xeon(R) Silver 4214 CPU @ 2.20GHz,1,1 x GeForce RTX 2080 Ti,,,440.5333480834961,machine,N,1.0
2024-09-05T14:55:05,codecarbon,114e4c16-8588-4cd1-adf1-c997f6679072,0.2329380512237548,2.9280719106621468e-06,1.2570174324372229e-05,42.5,0.0,165.20000553131104,2.723828951517741e-06,0.0,1.0221014947853366e-05,1.2944843899371106e-05,Italy,ITA,,,,Linux-5.4.0-174-generic-x86_64-with-glibc2.35,3.11.9,2.2.3,48,Intel(R) Xeon(R) Silver 4214 CPU @ 2.20GHz,1,1 x GeForce RTX 2080 Ti,,,440.5333480834961,machine,N,1.0
2024-09-05T14:56:42,codecarbon,5d9b8358-5c17-45cc-883b-533369d259d4,3.4571104049682617,4.500682029496625e-05,1.3018623943940674e-05,42.5,0.0,165.20000553131104,4.078790081871881e-05,0.0,0.0001581847613634,0.0001989726621822,Italy,ITA,,,,Linux-5.4.0-174-generic-x86_64-with-glibc2.35,3.11.9,2.2.3,48,Intel(R) Xeon(R) Silver 4214 CPU @ 2.20GHz,1,1 x GeForce RTX 2080 Ti,,,440.5333480834961,machine,N,1.0
2024-09-05T15:00:24,codecarbon,bb6ea432-9e12-4304-8b9a-c61dfaffaf63,3.36020565032959,4.3752470328867904e-05,1.3020771608004523e-05,42.5,0.0,165.20000553131104,3.964421004056931e-05,0.0,0.0001537830403478,0.0001934272503884,Italy,ITA,,,,Linux-5.4.0-174-generic-x86_64-with-glibc2.35,3.11.9,2.2.3,48,Intel(R) Xeon(R) Silver 4214 CPU @ 2.20GHz,1,1 x GeForce RTX 2080 Ti,,,440.5333480834961,machine,N,1.0
2024-09-05T15:14:26,codecarbon,7290b0b2-b363-48a5-acac-336408d1b786,3.777199029922485,4.918298676253276e-05,1.3021020701559929e-05,42.5,0.0,165.20000553131104,4.4565064211686455e-05,0.0,0.0001728701988457,0.0002174352630574,Italy,ITA,,,,Linux-5.4.0-174-generic-x86_64-with-glibc2.35,3.11.9,2.2.3,48,Intel(R) Xeon(R) Silver 4214 CPU @ 2.20GHz,1,1 x GeForce RTX 2080 Ti,,,440.5333480834961,machine,N,1.0
2024-09-05T16:02:30,codecarbon,4aa048a9-53b6-403f-a74a-cde782862637,3.875671863555908,5.048098697594428e-05,1.3025093133046676e-05,42.5,0.0,165.20000553131104,4.573188589678871e-05,0.0,0.0001774417642824,0.0002231736501792,Italy,ITA,,,,Linux-5.4.0-174-generic-x86_64-with-glibc2.35,3.11.9,2.2.3,48,Intel(R) Xeon(R) Silver 4214 CPU @ 2.20GHz,1,1 x GeForce RTX 2080 Ti,,,440.5333480834961,machine,N,1.0
2024-09-05T16:22:59,codecarbon,2cef781c-7567-4f02-b0fe-87e7f019b01a,0.6090066432952881,7.824298614514135e-06,1.2847640827327364e-05,42.5,0.0,165.20000553131104,7.1643635630607615e-06,0.0,2.742642767336311e-05,3.459079123642387e-05,Italy,ITA,,,,Linux-5.4.0-174-generic-x86_64-with-glibc2.35,3.11.9,2.2.3,48,Intel(R) Xeon(R) Silver 4214 CPU @ 2.20GHz,1,1 x GeForce RTX 2080 Ti,,,440.5333480834961,machine,N,1.0
2024-09-05T16:24:11,codecarbon,e8e063ca-ee3b-4cf8-a29f-8806aeb7a872,3.3862228393554688,4.409620986143516e-05,1.30222409904448e-05,42.5,0.0,165.20000553131104,3.995528105232451e-05,0.0,0.0001549916227896,0.0001949469038419,Italy,ITA,,,,Linux-5.4.0-174-generic-x86_64-with-glibc2.35,3.11.9,2.2.3,48,Intel(R) Xeon(R) Silver 4214 CPU @ 2.20GHz,1,1 x GeForce RTX 2080 Ti,,,440.5333480834961,machine,N,1.0
2024-09-05T16:31:43,codecarbon,49736fc8-6a87-4b3c-aed6-53f5c8cca35a,0.498431921005249,6.409228880630036e-06,1.2858784942392444e-05,42.5,0.0,165.20000553131104,5.863293674257067e-06,0.0,2.247155256807275e-05,2.833484624232982e-05,Italy,ITA,,,,Linux-5.4.0-174-generic-x86_64-with-glibc2.35,3.11.9,2.2.3,48,Intel(R) Xeon(R) Silver 4214 CPU @ 2.20GHz,1,1 x GeForce RTX 2080 Ti,,,440.5333480834961,machine,N,1.0
2024-09-09T16:51:51,codecarbon,8081f747-07e4-43d4-91de-04ab7b1a2f74,0.2767214775085449,3.5617646183484127e-06,1.2871298066260248e-05,42.5,0.0,165.20000553131104,3.2630509800381133e-06,0.0,1.2483313316184689e-05,1.57463642962228e-05,Italy,ITA,,,,Linux-5.4.0-174-generic-x86_64-with-glibc2.35,3.11.9,2.2.3,48,Intel(R) Xeon(R) Silver 4214 CPU @ 2.20GHz,1,1 x GeForce RTX 2080 Ti,,,440.5333480834961,machine,N,1.0
2024-09-11T16:52:58,codecarbon,ce815459-106e-410f-b75e-54d8a42d1504,0.3576374053955078,4.61807352241457e-06,1.2912725158900776e-05,42.5,0.0,165.20000553131104,4.218347867329916e-06,0.0,1.619789964551103e-05,2.0416247512840944e-05,Italy,ITA,,,,Linux-5.4.0-174-generic-x86_64-with-glibc2.35,3.11.9,2.2.3,48,Intel(R) Xeon(R) Silver 4214 CPU @ 2.20GHz,1,1 x GeForce RTX 2080 Ti,,,440.5333480834961,machine,N,1.0
2024-09-11T16:54:58,codecarbon,3b76d4ec-32cb-4de9-823d-33f1ffef4a84,1.0435636043548584,1.3557612700808093e-05,1.2991649616977152e-05,42.5,0.0,165.20000553131104,1.2315963870949216e-05,0.0,4.762149170212941e-05,5.993745557307862e-05,Italy,ITA,,,,Linux-5.4.0-174-generic-x86_64-with-glibc2.35,3.11.9,2.2.3,48,Intel(R) Xeon(R) Silver 4214 CPU @ 2.20GHz,1,1 x GeForce RTX 2080 Ti,,,440.5333480834961,machine,N,1.0
2024-09-11T16:59:03,codecarbon,6944df71-d793-4a69-9ac1-1093fcffe2b6,10.677623748779297,0.0001392933983718,1.3045355563106444e-05,42.5,0.0,165.20000553131104,0.0001260514496101,0.0,0.000489756957134,0.0006158084067441,Italy,ITA,,,,Linux-5.4.0-174-generic-x86_64-with-glibc2.35,3.11.9,2.2.3,48,Intel(R) Xeon(R) Silver 4214 CPU @ 2.20GHz,1,1 x GeForce RTX 2080 Ti,,,440.5333480834961,machine,N,1.0
2024-09-11T17:02:37,codecarbon,4c16a40c-69f6-426a-8b61-9e45cda5a70d,1.0012989044189453,1.3015269937870091e-05,1.2998386276496391e-05,42.5,0.0,165.20000553131104,1.181740529007382e-05,0.0,4.57223829372604e-05,5.753978822733422e-05,Italy,ITA,,,,Linux-5.4.0-174-generic-x86_64-with-glibc2.35,3.11.9,2.2.3,48,Intel(R) Xeon(R) Silver 4214 CPU @ 2.20GHz,1,1 x GeForce RTX 2080 Ti,,,440.5333480834961,machine,N,1.0
